Workbook

Sheet Selected_Config
A1: Final ARIMA / SARIMA configuration by material and forecast horizon | B1: Final ARIMA / SARIMA configuration by material and forecast horizon | C1: Final ARIMA / SARIMA configuration by material and forecast horizon | D1: Final ARIMA / SARIMA configuration by material and forecast horizon | E1: Final ARIMA / SARIMA configuration by material and forecast horizon | F1: Final ARIMA / SARIMA configuration by material and forecast horizon | G1: Final ARIMA / SARIMA configuration by material and forecast horizon | H1: Final ARIMA / SARIMA configuration by material and forecast horizon | I1: Final ARIMA / SARIMA configuration by material and forecast horizon | J1: Final ARIMA / SARIMA configuration by material and forecast horizon | K1: Final ARIMA / SARIMA configuration by material and forecast horizon | L1: Final ARIMA / SARIMA configuration by material and forecast horizon | M1: Final ARIMA / SARIMA configuration by material and forecast horizon
A2: Applied thresholds: relative sMAPE gap ≤ 1.0%; median within-method ΔAICc ≤ 2.0. Engine: statsmodels SARIMAX for both ARIMA and SARIMA.
A3: 52 configurations selected: 51 meet both thresholds; 1 fallback is flagged for Material 9, Horizon 22.
A4: material | B4: horizon | C4: registry_model | D4: engine | E4: candidate | F4: order | G4: seasonal_order | H4: mean_smape | I4: relative_smape_gap | J4: median_delta_aicc | K4: complexity_pqPQ | L4: decision_status | M4: selection_reason
A5: 1 | B5: 10 | C5: arima | D5: SARIMAX | E5: sarima_112_100_5 | F5: (1, 1, 2) | G5: (1, 0, 0, 5) | H5: 0.10202197 | I5: 0 | J5: 0 | K5: 4 | L5: joint_acceptable | M5: Both thresholds met; simplest eligible AR/MA structure selected.
A6: 2 | B6: 10 | C6: arima | D6: SARIMAX | E6: arima_111 | F6: (1, 1, 1) | G6: (0, 0, 0, 0) | H6: 0.13610648 | I6: 0 | J6: 0 | K6: 2 | L6: joint_acceptable | M6: Both thresholds met; simplest eligible AR/MA structure selected.
A7: 3 | B7: 10 | C7: arima | D7: SARIMAX | E7: arima_111 | F7: (1, 1, 1) | G7: (0, 0, 0, 0) | H7: 0.15576663 | I7: 0.0030479005 | J7: 1.417 | K7: 2 | L7: joint_acceptable | M7: Both thresholds met; simplest eligible AR/MA structure selected.
A8: 4 | B8: 10 | C8: arima | D8: SARIMAX | E8: arima_011 | F8: (0, 1, 1) | G8: (0, 0, 0, 0) | H8: 0.15993546 | I8: 0 | J8: 0 | K8: 1 | L8: joint_acceptable | M8: Both thresholds met; simplest eligible AR/MA structure selected.
A9: 5 | B9: 10 | C9: arima | D9: SARIMAX | E9: arima_102 | F9: (1, 0, 2) | G9: (0, 0, 0, 0) | H9: 0.10261218 | I9: 0.0093115191 | J9: 0 | K9: 3 | L9: joint_acceptable | M9: Both thresholds met; simplest eligible AR/MA structure selected.
A10: 6 | B10: 10 | C10: arima | D10: SARIMAX | E10: arima_011 | F10: (0, 1, 1) | G10: (0, 0, 0, 0) | H10: 0.12748419 | I10: 0.0035440936 | J10: 0 | K10: 1 | L10: joint_acceptable | M10: Both thresholds met; simplest eligible AR/MA structure selected.
A11: 7 | B11: 10 | C11: arima | D11: SARIMAX | E11: arima_011 | F11: (0, 1, 1) | G11: (0, 0, 0, 0) | H11: 0.2481418 | I11: 0.0004329501 | J11: 1.048 | K11: 1 | L11: joint_acceptable | M11: Both thresholds met; simplest eligible AR/MA structure selected.
A12: 8 | B12: 10 | C12: arima | D12: SARIMAX | E12: arima_011 | F12: (0, 1, 1) | G12: (0, 0, 0, 0) | H12: 0.17889177 | I12: 0 | J12: 0.509 | K12: 1 | L12: joint_acceptable | M12: Both thresholds met; simplest eligible AR/MA structure selected.
A13: 9 | B13: 10 | C13: arima | D13: SARIMAX | E13: arima_211 | F13: (2, 1, 1) | G13: (0, 0, 0, 0) | H13: 0.17985229 | I13: 0 | J13: 0 | K13: 3 | L13: joint_acceptable | M13: Both thresholds met; simplest eligible AR/MA structure selected.
A14: 10 | B14: 10 | C14: arima | D14: SARIMAX | E14: arima_012 | F14: (0, 1, 2) | G14: (0, 0, 0, 0) | H14: 0.11002943 | I14: 0 | J14: 0 | K14: 2 | L14: joint_acceptable | M14: Both thresholds met; simplest eligible AR/MA structure selected.
A15: 11 | B15: 10 | C15: arima | D15: SARIMAX | E15: sarima_112_001_5 | F15: (1, 1, 2) | G15: (0, 0, 1, 5) | H15: 0.40762161 | I15: 0 | J15: 0 | K15: 4 | L15: joint_acceptable | M15: Both thresholds met; simplest eligible AR/MA structure selected.
A16: 12 | B16: 10 | C16: arima | D16: SARIMAX | E16: arima_500 | F16: (5, 0, 0) | G16: (0, 0, 0, 0) | H16: 1.0783377 | I16: 0 | J16: 0 | K16: 5 | L16: joint_acceptable | M16: Both thresholds met; simplest eligible AR/MA structure selected.
... A56: 13 | B56: 132 | C56: arima | D56: SARIMAX | E56: sarima_113_002_5 | F56: (1, 1, 3) | G56: (0, 0, 2, 5) | H56: 1.8343843 | I56: 0.00061734085 | J56: 0 | K56: 6 | L56: joint_acceptable | M56: Both thresholds met; simplest eligible AR/MA structure selected.

Sheet Combined_Evidence
A1: AICc + rolling-CV sMAPE evidence by material, horizon, and candidate | B1: AICc + rolling-CV sMAPE evidence by material, horizon, and candidate | C1: AICc + rolling-CV sMAPE evidence by material, horizon, and candidate | D1: AICc + rolling-CV sMAPE evidence by material, horizon, and candidate | E1: AICc + rolling-CV sMAPE evidence by material, horizon, and candidate | F1: AICc + rolling-CV sMAPE evidence by material, horizon, and candidate | G1: AICc + rolling-CV sMAPE evidence by material, horizon, and candidate | H1: AICc + rolling-CV sMAPE evidence by material, horizon, and candidate | I1: AICc + rolling-CV sMAPE evidence by material, horizon, and candidate | J1: AICc + rolling-CV sMAPE evidence by material, horizon, and candidate | K1: AICc + rolling-CV sMAPE evidence by material, horizon, and candidate | L1: AICc + rolling-CV sMAPE evidence by material, horizon, and candidate | M1: AICc + rolling-CV sMAPE evidence by material, horizon, and candidate | N1: AICc + rolling-CV sMAPE evidence by material, horizon, and candidate | O1: AICc + rolling-CV sMAPE evidence by material, horizon, and candidate | P1: AICc + rolling-CV sMAPE evidence by material, horizon, and candidate | Q1: AICc + rolling-CV sMAPE evidence by material, horizon, and candidate | R1: AICc + rolling-CV sMAPE evidence by material, horizon, and candidate | S1: AICc + rolling-CV sMAPE evidence by material, horizon, and candidate | T1: AICc + rolling-CV sMAPE evidence by material, horizon, and candidate | U1: AICc + rolling-CV sMAPE evidence by material, horizon, and candidate | V1: AICc + rolling-CV sMAPE evidence by material, horizon, and candidate | W1: AICc + rolling-CV sMAPE evidence by material, horizon, and candidate | X1: AICc + rolling-CV sMAPE evidence by material, horizon, and candidate | Y1: AICc + rolling-CV sMAPE evidence by material, horizon, and candidate | Z1: AICc + rolling-CV sMAPE evidence by material, horizon, and candidate | AA1: AICc + rolling-CV sMAPE evidence by material, horizon, and candidate
A2: Green selected rows form the final 52-entry configuration. AICc columns remain method-specific; sMAPE columns share the same CV design.
A4: material | B4: horizon | C4: candidate | D4: order | E4: seasonal_order | F4: model_type | G4: mean_smape | H4: sum_smape | I4: folds | J4: best_smape | K4: relative_smape_gap | L4: smape_acceptable | M4: linear_aicc | N4: linear_delta | O4: pchip_aicc | P4: pchip_delta | Q4: spline_aicc | R4: spline_delta | S4: aicc_evidence_count | T4: median_delta_aicc | U4: max_delta_aicc | V4: aicc_acceptable | W4: joint_acceptable | X4: complexity_pqPQ | Y4: selected | Z4: decision_status | AA4: selection_reason
A5: 1 | B5: 10 | C5: sarima_112_100_5 | D5: (1, 1, 2) | E5: (1, 0, 0, 5) | F5: SARIMA | G5: 0.10202197 | H5: 2.7545931 | I5: 27 | J5: =_xludf.MINIFS($G$5:$G$168,$A$5:$A$168,A5,$B$5:$B$168,B5) -> #NAME? | K5: =IF(J5=0,0,(G5-J5)/J5) -> #NAME? | L5: =K5<=Rules!$B$5 -> #NAME? | M5: -3844.78 | N5: 0 | O5: -3836.968 | P5: 0 | Q5: -3858.851 | R5: 0 | S5: 3 | T5: 0 | U5: 0 | V5: =T5<=Rules!$B$4 -> TRUE | W5: =AND(L5,V5) -> #NAME? | X5: 4 | Y5: TRUE | Z5: joint_acceptable | AA5: Both thresholds met; simplest eligible AR/MA structure selected.
A6: 1 | B6: 10 | C6: arima_112 | D6: (1, 1, 2) | E6: (0, 0, 0, 0) | F6: ARIMA | G6: 0.10521149 | H6: 2.8407101 | I6: 27 | J6: =_xludf.MINIFS($G$5:$G$168,$A$5:$A$168,A6,$B$5:$B$168,B6) -> #NAME? | K6: =IF(J6=0,0,(G6-J6)/J6) -> #NAME? | L6: =K6<=Rules!$B$5 -> #NAME? | M6: -3842.27 | N6: 2.51 | O6: -3836.025 | P6: 0.943 | Q6: -3857.196 | R6: 1.655 | S6: 3 | T6: 1.655 | U6: 2.51 | V6: =T6<=Rules!$B$4 -> TRUE | W6: =AND(L6,V6) -> #NAME? | X6: 3 | Y6: FALSE | Z6: not_selected | AA6: Outside the final eligible set.
A7: 2 | B7: 10 | C7: arima_111 | D7: (1, 1, 1) | E7: (0, 0, 0, 0) | F7: ARIMA | G7: 0.13610648 | H7: 3.6748751 | I7: 27 | J7: =_xludf.MINIFS($G$5:$G$168,$A$5:$A$168,A7,$B$5:$B$168,B7) -> #NAME? | K7: =IF(J7=0,0,(G7-J7)/J7) -> #NAME? | L7: =K7<=Rules!$B$5 -> #NAME? | M7: -4426.001 | N7: 0 | O7: -4425.005 | P7: 0 | Q7: -4432.271 | R7: 0 | S7: 3 | T7: 0 | U7: 0 | V7: =T7<=Rules!$B$4 -> TRUE | W7: =AND(L7,V7) -> #NAME? | X7: 2 | Y7: TRUE | Z7: joint_acceptable | AA7: Both thresholds met; simplest eligible AR/MA structure selected.
A8: 3 | B8: 10 | C8: sarima_111_002_5 | D8: (1, 1, 1) | E8: (0, 0, 2, 5) | F8: SARIMA | G8: 0.15529331 | H8: 4.1929193 | I8: 27 | J8: =_xludf.MINIFS($G$5:$G$168,$A$5:$A$168,A8,$B$5:$B$168,B8) -> #NAME? | K8: =IF(J8=0,0,(G8-J8)/J8) -> #NAME? | L8: =K8<=Rules!$B$5 -> #NAME? | M8: -4495.978 | N8: 0 | O8: -4480.862 | P8: 0 | Q8: -4530.517 | R8: 0 | S8: 3 | T8: 0 | U8: 0 | V8: =T8<=Rules!$B$4 -> TRUE | W8: =AND(L8,V8) -> #NAME? | X8: 4 | Y8: FALSE | Z8: not_selected | AA8: Outside the final eligible set.
A9: 3 | B9: 10 | C9: arima_111 | D9: (1, 1, 1) | E9: (0, 0, 0, 0) | F9: ARIMA | G9: 0.15576663 | H9: 4.2056989 | I9: 27 | J9: =_xludf.MINIFS($G$5:$G$168,$A$5:$A$168,A9,$B$5:$B$168,B9) -> #NAME? | K9: =IF(J9=0,0,(G9-J9)/J9) -> #NAME? | L9: =K9<=Rules!$B$5 -> #NAME? | M9: -4494.561 | N9: 1.417 | O9: -4479.282 | P9: 1.58 | Q9: -4529.137 | R9: 1.38 | S9: 3 | T9: 1.417 | U9: 1.58 | V9: =T9<=Rules!$B$4 -> TRUE | W9: =AND(L9,V9) -> #NAME? | X9: 2 | Y9: TRUE | Z9: joint_acceptable | AA9: Both thresholds met; simplest eligible AR/MA structure selected.
A10: 4 | B10: 10 | C10: arima_011 | D10: (0, 1, 1) | E10: (0, 0, 0, 0) | F10: ARIMA | G10: 0.15993546 | H10: 4.3182574 | I10: 27 | J10: =_xludf.MINIFS($G$5:$G$168,$A$5:$A$168,A10,$B$5:$B$168,B10) -> #NAME? | K10: =IF(J10=0,0,(G10-J10)/J10) -> #NAME? | L10: =K10<=Rules!$B$5 -> #NAME? | Q10: -3808.904 | R10: 0 | S10: 1 | T10: 0 | U10: 0 | V10: =T10<=Rules!$B$4 -> TRUE | W10: =AND(L10,V10) -> #NAME? | X10: 1 | Y10: TRUE | Z10: joint_acceptable | AA10: Both thresholds met; simplest eligible AR/MA structure selected.
A11: 4 | B11: 10 | C11: arima_012 | D11: (0, 1, 2) | E11: (0, 0, 0, 0) | F11: ARIMA | G11: 0.16198423 | H11: 4.3735743 | I11: 27 | J11: =_xludf.MINIFS($G$5:$G$168,$A$5:$A$168,A11,$B$5:$B$168,B11) -> #NAME? | K11: =IF(J11=0,0,(G11-J11)/J11) -> #NAME? | L11: =K11<=Rules!$B$5 -> #NAME? | M11: -3772.007 | N11: 0 | O11: -3771.119 | P11: 0 | S11: 2 | T11: 0 | U11: 0 | V11: =T11<=Rules!$B$4 -> TRUE | W11: =AND(L11,V11) -> #NAME? | X11: 2 | Y11: FALSE | Z11: not_selected | AA11: Outside the final eligible set.
A12: 5 | B12: 10 | C12: arima_400 | D12: (4, 0, 0) | E12: (0, 0, 0, 0) | F12: ARIMA | G12: 0.10166552 | H12: 2.7449691 | I12: 27 | J12: =_xludf.MINIFS($G$5:$G$168,$A$5:$A$168,A12,$B$5:$B$168,B12) -> #NAME? | K12: =IF(J12=0,0,(G12-J12)/J12) -> #NAME? | L12: =K12<=Rules!$B$5 -> #NAME? | M12: -4907.391 | N12: 35.349 | S12: 1 | T12: 35.349 | U12: 35.349 | V12: =T12<=Rules!$B$4 -> FALSE | W12: =AND(L12,V12) -> #NAME? | X12: 4 | Y12: FALSE | Z12: not_selected | AA12: Outside the final eligible set.
A13: 5 | B13: 10 | C13: arima_202 | D13: (2, 0, 2) | E13: (0, 0, 0, 0) | F13: ARIMA | G13: 0.10228087 | H13: 2.7615836 | I13: 27 | J13: =_xludf.MINIFS($G$5:$G$168,$A$5:$A$168,A13,$B$5:$B$168,B13) -> #NAME? | K13: =IF(J13=0,0,(G13-J13)/J13) -> #NAME? | L13: =K13<=Rules!$B$5 -> #NAME? | Q13: -4948.905 | R13: 0 | S13: 1 | T13: 0 | U13: 0 | V13: =T13<=Rules!$B$4 -> TRUE | W13: =AND(L13,V13) -> #NAME? | X13: 4 | Y13: FALSE | Z13: not_selected | AA13: Outside the final eligible set.
A14: 5 | B14: 10 | C14: arima_102 | D14: (1, 0, 2) | E14: (0, 0, 0, 0) | F14: ARIMA | G14: 0.10261218 | H14: 2.7705289 | I14: 27 | J14: =_xludf.MINIFS($G$5:$G$168,$A$5:$A$168,A14,$B$5:$B$168,B14) -> #NAME? | K14: =IF(J14=0,0,(G14-J14)/J14) -> #NAME? | L14: =K14<=Rules!$B$5 -> #NAME? | M14: -4942.74 | N14: 0 | O14: -4940.97 | P14: 0 | S14: 2 | T14: 0 | U14: 0 | V14: =T14<=Rules!$B$4 -> TRUE | W14: =AND(L14,V14) -> #NAME? | X14: 3 | Y14: TRUE | Z14: joint_acceptable | AA14: Both thresholds met; simplest eligible AR/MA structure selected.
A15: 5 | B15: 10 | C15: sarima_002_100_5 | D15: (0, 0, 2) | E15: (1, 0, 0, 5) | F15: SARIMA | G15: 0.12539992 | H15: 3.3857979 | I15: 27 | J15: =_xludf.MINIFS($G$5:$G$168,$A$5:$A$168,A15,$B$5:$B$168,B15) -> #NAME? | K15: =IF(J15=0,0,(G15-J15)/J15) -> #NAME? | L15: =K15<=Rules!$B$5 -> #NAME? | O15: -4836.352 | P15: 104.618 | S15: 1 | T15: 104.618 | U15: 104.618 | V15: =T15<=Rules!$B$4 -> FALSE | W15: =AND(L15,V15) -> #NAME? | X15: 3 | Y15: FALSE | Z15: not_selected | AA15: Outside the final eligible set.
A16: 5 | B16: 10 | C16: sarima_100_100_5 | D16: (1, 0, 0) | E16: (1, 0, 0, 5) | F16: SARIMA | G16: 0.17351136 | H16: 4.6848067 | I16: 27 | J16: =_xludf.MINIFS($G$5:$G$168,$A$5:$A$168,A16,$B$5:$B$168,B16) -> #NAME? | K16: =IF(J16=0,0,(G16-J16)/J16) -> #NAME? | L16: =K16<=Rules!$B$5 -> #NAME? | Q16: -4853.315 | R16: 95.59 | S16: 1 | T16: 95.59 | U16: 95.59 | V16: =T16<=Rules!$B$4 -> FALSE | W16: =AND(L16,V16) -> #NAME? | X16: 2 | Y16: FALSE | Z16: not_selected | AA16: Outside the final eligible set.
A17: 6 | B17: 10 | C17: arima_211 | D17: (2, 1, 1) | E17: (0, 0, 0, 0) | F17: ARIMA | G17: 0.12703397 | H17: 3.4299173 | I17: 27 | J17: =_xludf.MINIFS($G$5:$G$168,$A$5:$A$168,A17,$B$5:$B$168,B17) -> #NAME? | K17: =IF(J17=0,0,(G17-J17)/J17) -> #NAME? | L17: =K17<=Rules!$B$5 -> #NAME? | Q17: -6152.064 | R17: 0 | S17: 1 | T17: 0 | U17: 0 | V17: =T17<=Rules!$B$4 -> TRUE | W17: =AND(L17,V17) -> #NAME? | X17: 3 | Y17: FALSE | Z17: not_selected | AA17: Outside the final eligible set.
A18: 6 | B18: 10 | C18: sarima_011_200_5 | D18: (0, 1, 1) | E18: (2, 0, 0, 5) | F18: SARIMA | G18: 0.1271372 | H18: 3.4327044 | I18: 27 | J18: =_xludf.MINIFS($G$5:$G$168,$A$5:$A$168,A18,$B$5:$B$168,B18) -> #NAME? | K18: =IF(J18=0,0,(G18-J18)/J18) -> #NAME? | L18: =K18<=Rules!$B$5 -> #NAME? | Q18: -6150.469 | R18: 1.595 | S18: 1 | T18: 1.595 | U18: 1.595 | V18: =T18<=Rules!$B$4 -> TRUE | W18: =AND(L18,V18) -> #NAME? | X18: 3 | Y18: FALSE | Z18: not_selected | AA18: Outside the final eligible set.
A19: 6 | B19: 10 | C19: arima_011 | D19: (0, 1, 1) | E19: (0, 0, 0, 0) | F19: ARIMA | G19: 0.12748419 | H19: 3.4420732 | I19: 27 | J19: =_xludf.MINIFS($G$5:$G$168,$A$5:$A$168,A19,$B$5:$B$168,B19) -> #NAME? | K19: =IF(J19=0,0,(G19-J19)/J19) -> #NAME? | L19: =K19<=Rules!$B$5 -> #NAME? | M19: -6105.423 | N19: 0 | O19: -6094.144 | P19: 0 | S19: 2 | T19: 0 | U19: 0 | V19: =T19<=Rules!$B$4 -> TRUE | W19: =AND(L19,V19) -> #NAME? | X19: 1 | Y19: TRUE | Z19: joint_acceptable | AA19: Both thresholds met; simplest eligible AR/MA structure selected.
A20: 7 | B20: 10 | C20: arima_012 | D20: (0, 1, 2) | E20: (0, 0, 0, 0) | F20: ARIMA | G20: 0.24803441 | H20: 6.6969292 | I20: 27 | J20: =_xludf.MINIFS($G$5:$G$168,$A$5:$A$168,A20,$B$5:$B$168,B20) -> #NAME? | K20: =IF(J20=0,0,(G20-J20)/J20) -> #NAME? | L20: =K20<=Rules!$B$5 -> #NAME? | M20: -7430.791 | N20: 8.489 | S20: 1 | T20: 8.489 | U20: 8.489 | V20: =T20<=Rules!$B$4 -> FALSE | W20: =AND(L20,V20) -> #NAME? | X20: 2 | Y20: FALSE | Z20: not_selected | AA20: Outside the final eligible set.
A21: 7 | B21: 10 | C21: sarima_011_100_5 | D21: (0, 1, 1) | E21: (1, 0, 0, 5) | F21: SARIMA | G21: 0.24812304 | H21: 6.6993222 | I21: 27 | J21: =_xludf.MINIFS($G$5:$G$168,$A$5:$A$168,A21,$B$5:$B$168,B21) -> #NAME? | K21: =IF(J21=0,0,(G21-J21)/J21) -> #NAME? | L21: =K21<=Rules!$B$5 -> #NAME? | M21: -7439.28 | N21: 0 | O21: -7436.118 | P21: 0 | S21: 2 | T21: 0 | U21: 0 | V21: =T21<=Rules!$B$4 -> TRUE | W21: =AND(L21,V21) -> #NAME? | X21: 2 | Y21: FALSE | Z21: not_selected | AA21: Outside the final eligible set.
A22: 7 | B22: 10 | C22: arima_112 | D22: (1, 1, 2) | E22: (0, 0, 0, 0) | F22: ARIMA | G22: 0.24812558 | H22: 6.6993906 | I22: 27 | J22: =_xludf.MINIFS($G$5:$G$168,$A$5:$A$168,A22,$B$5:$B$168,B22) -> #NAME? | K22: =IF(J22=0,0,(G22-J22)/J22) -> #NAME? | L22: =K22<=Rules!$B$5 -> #NAME? | Q22: -7458.368 | R22: 0 | S22: 1 | T22: 0 | U22: 0 | V22: =T22<=Rules!$B$4 -> TRUE | W22: =AND(L22,V22) -> #NAME? | X22: 3 | Y22: FALSE | Z22: not_selected | AA22: Outside the final eligible set.
A23: 7 | B23: 10 | C23: arima_011 | D23: (0, 1, 1) | E23: (0, 0, 0, 0) | F23: ARIMA | G23: 0.2481418 | H23: 6.6998286 | I23: 27 | J23: =_xludf.MINIFS($G$5:$G$168,$A$5:$A$168,A23,$B$5:$B$168,B23) -> #NAME? | K23: =IF(J23=0,0,(G23-J23)/J23) -> #NAME? | L23: =K23<=Rules!$B$5 -> #NAME? | O23: -7435.07 | P23: 1.048 | S23: 1 | T23: 1.048 | U23: 1.048 | V23: =T23<=Rules!$B$4 -> TRUE | W23: =AND(L23,V23) -> #NAME? | X23: 1 | Y23: TRUE | Z23: joint_acceptable | AA23: Both thresholds met; simplest eligible AR/MA structure selected.
A24: 8 | B24: 10 | C24: arima_011 | D24: (0, 1, 1) | E24: (0, 0, 0, 0) | F24: ARIMA | G24: 0.17889177 | H24: 4.8300778 | I24: 27 | J24: =_xludf.MINIFS($G$5:$G$168,$A$5:$A$168,A24,$B$5:$B$168,B24) -> #NAME? | K24: =IF(J24=0,0,(G24-J24)/J24) -> #NAME? | L24: =K24<=Rules!$B$5 -> #NAME? | Q24: -6216.733 | R24: 0.509 | S24: 1 | T24: 0.509 | U24: 0.509 | V24: =T24<=Rules!$B$4 -> TRUE | W24: =AND(L24,V24) -> #NAME? | X24: 1 | Y24: TRUE | Z24: joint_acceptable | AA24: Both thresholds met; simplest eligible AR/MA structure selected.
A25: 8 | B25: 10 | C25: arima_111 | D25: (1, 1, 1) | E25: (0, 0, 0, 0) | F25: ARIMA | G25: 0.17892216 | H25: 4.8308984 | I25: 27 | J25: =_xludf.MINIFS($G$5:$G$168,$A$5:$A$168,A25,$B$5:$B$168,B25) -> #NAME? | K25: =IF(J25=0,0,(G25-J25)/J25) -> #NAME? | L25: =K25<=Rules!$B$5 -> #NAME? | M25: -6206.354 | N25: 0 | O25: -6205.341 | P25: 1.213 | S25: 2 | T25: 0.6065 | U25: 1.213 | V25: =T25<=Rules!$B$4 -> TRUE | W25: =AND(L25,V25) -> #NAME? | X25: 2 | Y25: FALSE | Z25: not_selected | AA25: Outside the final eligible set.
A26: 8 | B26: 10 | C26: sarima_011_001_5 | D26: (0, 1, 1) | E26: (0, 0, 1, 5) | F26: SARIMA | G26: 0.17926773 | H26: 4.8402287 | I26: 27 | J26: =_xludf.MINIFS($G$5:$G$168,$A$5:$A$168,A26,$B$5:$B$168,B26) -> #NAME? | K26: =IF(J26=0,0,(G26-J26)/J26) -> #NAME? | L26: =K26<=Rules!$B$5 -> #NAME? | Q26: -6217.242 | R26: 0 | S26: 1 | T26: 0 | U26: 0 | V26: =T26<=Rules!$B$4 -> TRUE | W26: =AND(L26,V26) -> #NAME? | X26: 2 | Y26: FALSE | Z26: not_selected | AA26: Outside the final eligible set.
A27: 8 | B27: 10 | C27: arima_113 | D27: (1, 1, 3) | E27: (0, 0, 0, 0) | F27: ARIMA | G27: 0.17960774 | H27: 4.849409 | I27: 27 | J27: =_xludf.MINIFS($G$5:$G$168,$A$5:$A$168,A27,$B$5:$B$168,B27) -> #NAME? | K27: =IF(J27=0,0,(G27-J27)/J27) -> #NAME? | L27: =K27<=Rules!$B$5 -> #NAME? | O27: -6206.554 | P27: 0 | S27: 1 | T27: 0 | U27: 0 | V27: =T27<=Rules!$B$4 -> TRUE | W27: =AND(L27,V27) -> #NAME? | X27: 4 | Y27: FALSE | Z27: not_selected | AA27: Outside the final eligible set.
A28: 9 | B28: 10 | C28: arima_211 | D28: (2, 1, 1) | E28: (0, 0, 0, 0) | F28: ARIMA | G28: 0.17985229 | H28: 4.8560118 | I28: 27 | J28: =_xludf.MINIFS($G$5:$G$168,$A$5:$A$168,A28,$B$5:$B$168,B28) -> #NAME? | K28: =IF(J28=0,0,(G28-J28)/J28) -> #NAME? | L28: =K28<=Rules!$B$5 -> #NAME? | O28: -5828.825 | P28: 0 | S28: 1 | T28: 0 | U28: 0 | V28: =T28<=Rules!$B$4 -> TRUE | W28: =AND(L28,V28) -> #NAME? | X28: 3 | Y28: TRUE | Z28: joint_acceptable | AA28: Both thresholds met; simplest eligible AR/MA structure selected.
A29: 9 | B29: 10 | C29: arima_311 | D29: (3, 1, 1) | E29: (0, 0, 0, 0) | F29: ARIMA | G29: 0.17995654 | H29: 4.8588267 | I29: 27 | J29: =_xludf.MINIFS($G$5:$G$168,$A$5:$A$168,A29,$B$5:$B$168,B29) -> #NAME? | K29: =IF(J29=0,0,(G29-J29)/J29) -> #NAME? | L29: =K29<=Rules!$B$5 -> #NAME? | M29: -5830.952 | N29: 0 | S29: 1 | T29: 0 | U29: 0 | V29: =T29<=Rules!$B$4 -> TRUE | W29: =AND(L29,V29) -> #NAME? | X29: 4 | Y29: FALSE | Z29: not_selected | AA29: Outside the final eligible set.
A30: 9 | B30: 10 | C30: arima_013 | D30: (0, 1, 3) | E30: (0, 0, 0, 0) | F30: ARIMA | G30: 0.18006532 | H30: 4.8617636 | I30: 27 | J30: =_xludf.MINIFS($G$5:$G$168,$A$5:$A$168,A30,$B$5:$B$168,B30) -> #NAME? | K30: =IF(J30=0,0,(G30-J30)/J30) -> #NAME? | L30: =K30<=Rules!$B$5 -> #NAME? | Q30: -5834.714 | R30: 0 | S30: 1 | T30: 0 | U30: 0 | V30: =T30<=Rules!$B$4 -> TRUE | W30: =AND(L30,V30) -> #NAME? | X30: 3 | Y30: FALSE | Z30: not_selected | AA30: Outside the final eligible set.
A31: 9 | B31: 10 | C31: arima_011 | D31: (0, 1, 1) | E31: (0, 0, 0, 0) | F31: ARIMA | G31: 0.18045638 | H31: 4.8723222 | I31: 27 | J31: =_xludf.MINIFS($G$5:$G$168,$A$5:$A$168,A31,$B$5:$B$168,B31) -> #NAME? | K31: =IF(J31=0,0,(G31-J31)/J31) -> #NAME? | L31: =K31<=Rules!$B$5 -> #NAME? | O31: -5821.445 | P31: 7.38 | S31: 1 | T31: 7.38 | U31: 7.38 | V31: =T31<=Rules!$B$4 -> FALSE | W31: =AND(L31,V31) -> #NAME? | X31: 1 | Y31: FALSE | Z31: not_selected | AA31: Outside the final eligible set.
A32: 10 | B32: 10 | C32: arima_012 | D32: (0, 1, 2) | E32: (0, 0, 0, 0) | F32: ARIMA | G32: 0.11002943 | H32: 2.9707945 | I32: 27 | J32: =_xludf.MINIFS($G$5:$G$168,$A$5:$A$168,A32,$B$5:$B$168,B32) -> #NAME? | K32: =IF(J32=0,0,(G32-J32)/J32) -> #NAME? | L32: =K32<=Rules!$B$5 -> #NAME? | M32: -4245.561 | N32: 0 | O32: -4241.258 | P32: 0.129 | Q32: -4258.77 | R32: 0 | S32: 3 | T32: 0 | U32: 0.129 | V32: =T32<=Rules!$B$4 -> TRUE | W32: =AND(L32,V32) -> #NAME? | X32: 2 | Y32: TRUE | Z32: joint_acceptable | AA32: Both thresholds met; simplest eligible AR/MA structure selected.
A33: 10 | B33: 10 | C33: sarima_012_002_5 | D33: (0, 1, 2) | E33: (0, 0, 2, 5) | F33: SARIMA | G33: 0.11016819 | H33: 2.9745412 | I33: 27 | J33: =_xludf.MINIFS($G$5:$G$168,$A$5:$A$168,A33,$B$5:$B$168,B33) -> #NAME? | K33: =IF(J33=0,0,(G33-J33)/J33) -> #NAME? | L33: =K33<=Rules!$B$5 -> #NAME? | O33: -4241.387 | P33: 0 | S33: 1 | T33: 0 | U33: 0 | V33: =T33<=Rules!$B$4 -> TRUE | W33: =AND(L33,V33) -> #NAME? | X33: 4 | Y33: FALSE | Z33: not_selected | AA33: Outside the final eligible set.
A34: 11 | B34: 10 | C34: sarima_112_001_5 | D34: (1, 1, 2) | E34: (0, 0, 1, 5) | F34: SARIMA | G34: 0.40762161 | H34: 11.005783 | I34: 27 | J34: =_xludf.MINIFS($G$5:$G$168,$A$5:$A$168,A34,$B$5:$B$168,B34) -> #NAME? | K34: =IF(J34=0,0,(G34-J34)/J34) -> #NAME? | L34: =K34<=Rules!$B$5 -> #NAME? | M34: -4972.129 | N34: 0 | S34: 1 | T34: 0 | U34: 0 | V34: =T34<=Rules!$B$4 -> TRUE | W34: =AND(L34,V34) -> #NAME? | X34: 4 | Y34: TRUE | Z34: joint_acceptable | AA34: Both thresholds met; simplest eligible AR/MA structure selected.
A35: 11 | B35: 10 | C35: sarima_111_001_5 | D35: (1, 1, 1) | E35: (0, 0, 1, 5) | F35: SARIMA | G35: 0.4129155 | H35: 11.148718 | I35: 27 | J35: =_xludf.MINIFS($G$5:$G$168,$A$5:$A$168,A35,$B$5:$B$168,B35) -> #NAME? | K35: =IF(J35=0,0,(G35-J35)/J35) -> #NAME? | L35: =K35<=Rules!$B$5 -> #NAME? | Q35: -4971.144 | R35: 0 | S35: 1 | T35: 0 | U35: 0 | V35: =T35<=Rules!$B$4 -> TRUE | W35: =AND(L35,V35) -> #NAME? | X35: 3 | Y35: FALSE | Z35: not_selected | AA35: Outside the final eligible set.
A36: 11 | B36: 10 | C36: arima_111 | D36: (1, 1, 1) | E36: (0, 0, 0, 0) | F36: ARIMA | G36: 0.41400676 | H36: 11.178183 | I36: 27 | J36: =_xludf.MINIFS($G$5:$G$168,$A$5:$A$168,A36,$B$5:$B$168,B36) -> #NAME? | K36: =IF(J36=0,0,(G36-J36)/J36) -> #NAME? | L36: =K36<=Rules!$B$5 -> #NAME? | M36: -4965.865 | N36: 6.264 | O36: -4964.025 | P36: 6.122 | Q36: -4968.185 | R36: 2.959 | S36: 3 | T36: 6.122 | U36: 6.264 | V36: =T36<=Rules!$B$4 -> FALSE | W36: =AND(L36,V36) -> #NAME? | X36: 2 | Y36: FALSE | Z36: not_selected | AA36: Outside the final eligible set.
A37: 11 | B37: 10 | C37: sarima_112_100_5 | D37: (1, 1, 2) | E37: (1, 0, 0, 5) | F37: SARIMA | G37: 0.42992035 | H37: 11.60785 | I37: 27 | J37: =_xludf.MINIFS($G$5:$G$168,$A$5:$A$168,A37,$B$5:$B$168,B37) -> #NAME? | K37: =IF(J37=0,0,(G37-J37)/J37) -> #NAME? | L37: =K37<=Rules!$B$5 -> #NAME? | O37: -4970.147 | P37: 0 | S37: 1 | T37: 0 | U37: 0 | V37: =T37<=Rules!$B$4 -> TRUE | W37: =AND(L37,V37) -> #NAME? | X37: 4 | Y37: FALSE | Z37: not_selected | AA37: Outside the final eligible set.
A38: 12 | B38: 10 | C38: arima_500 | D38: (5, 0, 0) | E38: (0, 0, 0, 0) | F38: ARIMA | G38: 1.0783377 | H38: 29.115117 | I38: 27 | J38: =_xludf.MINIFS($G$5:$G$168,$A$5:$A$168,A38,$B$5:$B$168,B38) -> #NAME? | K38: =IF(J38=0,0,(G38-J38)/J38) -> #NAME? | L38: =K38<=Rules!$B$5 -> #NAME? | M38: -7089.26 | N38: 0 | O38: -7082.121 | P38: 0 | Q38: -7113.162 | R38: 6.493 | S38: 3 | T38: 0 | U38: 6.493 | V38: =T38<=Rules!$B$4 -> TRUE | W38: =AND(L38,V38) -> #NAME? | X38: 5 | Y38: TRUE | Z38: joint_acceptable | AA38: Both thresholds met; simplest eligible AR/MA structure selected.
A39: 12 | B39: 10 | C39: arima_400 | D39: (4, 0, 0) | E39: (0, 0, 0, 0) | F39: ARIMA | G39: 1.0953152 | H39: 29.57351 | I39: 27 | J39: =_xludf.MINIFS($G$5:$G$168,$A$5:$A$168,A39,$B$5:$B$168,B39) -> #NAME? | K39: =IF(J39=0,0,(G39-J39)/J39) -> #NAME? | L39: =K39<=Rules!$B$5 -> #NAME? | M39: -7087.993 | N39: 1.267 | O39: -7081.274 | P39: 0.847 | S39: 2 | T39: 1.057 | U39: 1.267 | V39: =T39<=Rules!$B$4 -> TRUE | W39: =AND(L39,V39) -> #NAME? | X39: 4 | Y39: FALSE | Z39: not_selected | AA39: Outside the final eligible set.
A40: 12 | B40: 10 | C40: arima_201 | D40: (2, 0, 1) | E40: (0, 0, 0, 0) | F40: ARIMA | G40: 1.1844398 | H40: 31.979874 | I40: 27 | J40: =_xludf.MINIFS($G$5:$G$168,$A$5:$A$168,A40,$B$5:$B$168,B40) -> #NAME? | K40: =IF(J40=0,0,(G40-J40)/J40) -> #NAME? | L40: =K40<=Rules!$B$5 -> #NAME? | Q40: -7119.655 | R40: 0 | S40: 1 | T40: 0 | U40: 0 | V40: =T40<=Rules!$B$4 -> TRUE | W40: =AND(L40,V40) -> #NAME? | X40: 3 | Y40: FALSE | Z40: not_selected | AA40: Outside the final eligible set.
A41: 13 | B41: 10 | C41: sarima_412_101_5 | D41: (4, 1, 2) | E41: (1, 0, 1, 5) | F41: SARIMA | G41: 1.8300485 | H41: 49.411311 | I41: 27 | J41: =_xludf.MINIFS($G$5:$G$168,$A$5:$A$168,A41,$B$5:$B$168,B41) -> #NAME? | K41: =IF(J41=0,0,(G41-J41)/J41) -> #NAME? | L41: =K41<=Rules!$B$5 -> #NAME? | M41: -2477.266 | N41: 0 | S41: 1 | T41: 0 | U41: 0 | V41: =T41<=Rules!$B$4 -> TRUE | W41: =AND(L41,V41) -> #NAME? | X41: 8 | Y41: FALSE | Z41: not_selected | AA41: Outside the final eligible set.
A42: 13 | B42: 10 | C42: arima_411 | D42: (4, 1, 1) | E42: (0, 0, 0, 0) | F42: ARIMA | G42: 1.8318995 | H42: 49.461288 | I42: 27 | J42: =_xludf.MINIFS($G$5:$G$168,$A$5:$A$168,A42,$B$5:$B$168,B42) -> #NAME? | K42: =IF(J42=0,0,(G42-J42)/J42) -> #NAME? | L42: =K42<=Rules!$B$5 -> #NAME? | Q42: -2491.09 | R42: 4.333 | S42: 1 | T42: 4.333 | U42: 4.333 | V42: =T42<=Rules!$B$4 -> FALSE | W42: =AND(L42,V42) -> #NAME? | X42: 5 | Y42: FALSE | Z42: not_selected | AA42: Outside the final eligible set.
A43: 13 | B43: 10 | C43: sarima_312_101_5 | D43: (3, 1, 2) | E43: (1, 0, 1, 5) | F43: SARIMA | G43: 1.8350411 | H43: 49.546109 | I43: 27 | J43: =_xludf.MINIFS($G$5:$G$168,$A$5:$A$168,A43,$B$5:$B$168,B43) -> #NAME? | K43: =IF(J43=0,0,(G43-J43)/J43) -> #NAME? | L43: =K43<=Rules!$B$5 -> #NAME? | Q43: -2495.423 | R43: 0 | S43: 1 | T43: 0 | U43: 0 | V43: =T43<=Rules!$B$4 -> TRUE | W43: =AND(L43,V43) -> #NAME? | X43: 7 | Y43: FALSE | Z43: not_selected | AA43: Outside the final eligible set.
A44: 13 | B44: 10 | C44: arima_013 | D44: (0, 1, 3) | E44: (0, 0, 0, 0) | F44: ARIMA | G44: 1.8357945 | H44: 49.566453 | I44: 27 | J44: =_xludf.MINIFS($G$5:$G$168,$A$5:$A$168,A44,$B$5:$B$168,B44) -> #NAME? | K44: =IF(J44=0,0,(G44-J44)/J44) -> #NAME? | L44: =K44<=Rules!$B$5 -> #NAME? | M44: -2466.073 | N44: 11.193 | O44: -2462.339 | P44: 5.56 | S44: 2 | T44: 8.3765 | U44: 11.193 | V44: =T44<=Rules!$B$4 -> FALSE | W44: =AND(L44,V44) -> #NAME? | X44: 3 | Y44: FALSE | Z44: not_selected | AA44: Outside the final eligible set.
A45: 13 | B45: 10 | C45: sarima_113_002_5 | D45: (1, 1, 3) | E45: (0, 0, 2, 5) | F45: SARIMA | G45: 1.8399793 | H45: 49.679442 | I45: 27 | J45: =_xludf.MINIFS($G$5:$G$168,$A$5:$A$168,A45,$B$5:$B$168,B45) -> #NAME? | K45: =IF(J45=0,0,(G45-J45)/J45) -> #NAME? | L45: =K45<=Rules!$B$5 -> #NAME? | O45: -2467.899 | P45: 0 | S45: 1 | T45: 0 | U45: 0 | V45: =T45<=Rules!$B$4 -> TRUE | W45: =AND(L45,V45) -> #NAME? | X45: 6 | Y45: TRUE | Z45: joint_acceptable | AA45: Both thresholds met; simplest eligible AR/MA structure selected.
A46: 1 | B46: 22 | C46: arima_112 | D46: (1, 1, 2) | E46: (0, 0, 0, 0) | F46: ARIMA | G46: 0.11212367 | H46: 1.3454841 | I46: 12 | J46: =_xludf.MINIFS($G$5:$G$168,$A$5:$A$168,A46,$B$5:$B$168,B46) -> #NAME? | K46: =IF(J46=0,0,(G46-J46)/J46) -> #NAME? | L46: =K46<=Rules!$B$5 -> #NAME? | M46: -3842.27 | N46: 2.51 | O46: -3836.025 | P46: 0.943 | Q46: -3857.196 | R46: 1.655 | S46: 3 | T46: 1.655 | U46: 2.51 | V46: =T46<=Rules!$B$4 -> TRUE | W46: =AND(L46,V46) -> #NAME? | X46: 3 | Y46: TRUE | Z46: joint_acceptable | AA46: Both thresholds met; simplest eligible AR/MA structure selected.
A47: 1 | B47: 22 | C47: sarima_112_100_5 | D47: (1, 1, 2) | E47: (1, 0, 0, 5) | F47: SARIMA | G47: 0.11270672 | H47: 1.3524806 | I47: 12 | J47: =_xludf.MINIFS($G$5:$G$168,$A$5:$A$168,A47,$B$5:$B$168,B47) -> #NAME? | K47: =IF(J47=0,0,(G47-J47)/J47) -> #NAME? | L47: =K47<=Rules!$B$5 -> #NAME? | M47: -3844.78 | N47: 0 | O47: -3836.968 | P47: 0 | Q47: -3858.851 | R47: 0 | S47: 3 | T47: 0 | U47: 0 | V47: =T47<=Rules!$B$4 -> TRUE | W47: =AND(L47,V47) -> #NAME? | X47: 4 | Y47: FALSE | Z47: not_selected | AA47: Outside the final eligible set.
A48: 2 | B48: 22 | C48: arima_111 | D48: (1, 1, 1) | E48: (0, 0, 0, 0) | F48: ARIMA | G48: 0.15138456 | H48: 1.8166147 | I48: 12 | J48: =_xludf.MINIFS($G$5:$G$168,$A$5:$A$168,A48,$B$5:$B$168,B48) -> #NAME? | K48: =IF(J48=0,0,(G48-J48)/J48) -> #NAME? | L48: =K48<=Rules!$B$5 -> #NAME? | M48: -4426.001 | N48: 0 | O48: -4425.005 | P48: 0 | Q48: -4432.271 | R48: 0 | S48: 3 | T48: 0 | U48: 0 | V48: =T48<=Rules!$B$4 -> TRUE | W48: =AND(L48,V48) -> #NAME? | X48: 2 | Y48: TRUE | Z48: joint_acceptable | AA48: Both thresholds met; simplest eligible AR/MA structure selected.
A49: 3 | B49: 22 | C49: arima_111 | D49: (1, 1, 1) | E49: (0, 0, 0, 0) | F49: ARIMA | G49: 0.15036971 | H49: 1.8044365 | I49: 12 | J49: =_xludf.MINIFS($G$5:$G$168,$A$5:$A$168,A49,$B$5:$B$168,B49) -> #NAME? | K49: =IF(J49=0,0,(G49-J49)/J49) -> #NAME? | L49: =K49<=Rules!$B$5 -> #NAME? | M49: -4494.561 | N49: 1.417 | O49: -4479.282 | P49: 1.58 | Q49: -4529.137 | R49: 1.38 | S49: 3 | T49: 1.417 | U49: 1.58 | V49: =T49<=Rules!$B$4 -> TRUE | W49: =AND(L49,V49) -> #NAME? | X49: 2 | Y49: TRUE | Z49: joint_acceptable | AA49: Both thresholds met; simplest eligible AR/MA structure selected.
A50: 3 | B50: 22 | C50: sarima_111_002_5 | D50: (1, 1, 1) | E50: (0, 0, 2, 5) | F50: SARIMA | G50: 0.1505426 | H50: 1.8065111 | I50: 12 | J50: =_xludf.MINIFS($G$5:$G$168,$A$5:$A$168,A50,$B$5:$B$168,B50) -> #NAME? | K50: =IF(J50=0,0,(G50-J50)/J50) -> #NAME? | L50: =K50<=Rules!$B$5 -> #NAME? | M50: -4495.978 | N50: 0 | O50: -4480.862 | P50: 0 | Q50: -4530.517 | R50: 0 | S50: 3 | T50: 0 | U50: 0 | V50: =T50<=Rules!$B$4 -> TRUE | W50: =AND(L50,V50) -> #NAME? | X50: 4 | Y50: FALSE | Z50: not_selected | AA50: Outside the final eligible set.
A51: 4 | B51: 22 | C51: arima_011 | D51: (0, 1, 1) | E51: (0, 0, 0, 0) | F51: ARIMA | G51: 0.15612138 | H51: 1.8734565 | I51: 12 | J51: =_xludf.MINIFS($G$5:$G$168,$A$5:$A$168,A51,$B$5:$B$168,B51) -> #NAME? | K51: =IF(J51=0,0,(G51-J51)/J51) -> #NAME? | L51: =K51<=Rules!$B$5 -> #NAME? | Q51: -3808.904 | R51: 0 | S51: 1 | T51: 0 | U51: 0 | V51: =T51<=Rules!$B$4 -> TRUE | W51: =AND(L51,V51) -> #NAME? | X51: 1 | Y51: TRUE | Z51: joint_acceptable | AA51: Both thresholds met; simplest eligible AR/MA structure selected.
A52: 4 | B52: 22 | C52: arima_012 | D52: (0, 1, 2) | E52: (0, 0, 0, 0) | F52: ARIMA | G52: 0.15827457 | H52: 1.8992949 | I52: 12 | J52: =_xludf.MINIFS($G$5:$G$168,$A$5:$A$168,A52,$B$5:$B$168,B52) -> #NAME? | K52: =IF(J52=0,0,(G52-J52)/J52) -> #NAME? | L52: =K52<=Rules!$B$5 -> #NAME? | M52: -3772.007 | N52: 0 | O52: -3771.119 | P52: 0 | S52: 2 | T52: 0 | U52: 0 | V52: =T52<=Rules!$B$4 -> TRUE | W52: =AND(L52,V52) -> #NAME? | X52: 2 | Y52: FALSE | Z52: not_selected | AA52: Outside the final eligible set.
A53: 5 | B53: 22 | C53: arima_202 | D53: (2, 0, 2) | E53: (0, 0, 0, 0) | F53: ARIMA | G53: 0.10987774 | H53: 1.3185329 | I53: 12 | J53: =_xludf.MINIFS($G$5:$G$168,$A$5:$A$168,A53,$B$5:$B$168,B53) -> #NAME? | K53: =IF(J53=0,0,(G53-J53)/J53) -> #NAME? | L53: =K53<=Rules!$B$5 -> #NAME? | Q53: -4948.905 | R53: 0 | S53: 1 | T53: 0 | U53: 0 | V53: =T53<=Rules!$B$4 -> TRUE | W53: =AND(L53,V53) -> #NAME? | X53: 4 | Y53: FALSE | Z53: not_selected | AA53: Outside the final eligible set.
A54: 5 | B54: 22 | C54: arima_102 | D54: (1, 0, 2) | E54: (0, 0, 0, 0) | F54: ARIMA | G54: 0.11005508 | H54: 1.3206609 | I54: 12 | J54: =_xludf.MINIFS($G$5:$G$168,$A$5:$A$168,A54,$B$5:$B$168,B54) -> #NAME? | K54: =IF(J54=0,0,(G54-J54)/J54) -> #NAME? | L54: =K54<=Rules!$B$5 -> #NAME? | M54: -4942.74 | N54: 0 | O54: -4940.97 | P54: 0 | S54: 2 | T54: 0 | U54: 0 | V54: =T54<=Rules!$B$4 -> TRUE | W54: =AND(L54,V54) -> #NAME? | X54: 3 | Y54: TRUE | Z54: joint_acceptable | AA54: Both thresholds met; simplest eligible AR/MA structure selected.
A55: 5 | B55: 22 | C55: arima_400 | D55: (4, 0, 0) | E55: (0, 0, 0, 0) | F55: ARIMA | G55: 0.12662012 | H55: 1.5194415 | I55: 12 | J55: =_xludf.MINIFS($G$5:$G$168,$A$5:$A$168,A55,$B$5:$B$168,B55) -> #NAME? | K55: =IF(J55=0,0,(G55-J55)/J55) -> #NAME? | L55: =K55<=Rules!$B$5 -> #NAME? | M55: -4907.391 | N55: 35.349 | S55: 1 | T55: 35.349 | U55: 35.349 | V55: =T55<=Rules!$B$4 -> FALSE | W55: =AND(L55,V55) -> #NAME? | X55: 4 | Y55: FALSE | Z55: not_selected | AA55: Outside the final eligible set.
A56: 5 | B56: 22 | C56: sarima_002_100_5 | D56: (0, 0, 2) | E56: (1, 0, 0, 5) | F56: SARIMA | G56: 0.16209924 | H56: 1.9451908 | I56: 12 | J56: =_xludf.MINIFS($G$5:$G$168,$A$5:$A$168,A56,$B$5:$B$168,B56) -> #NAME? | K56: =IF(J56=0,0,(G56-J56)/J56) -> #NAME? | L56: =K56<=Rules!$B$5 -> #NAME? | O56: -4836.352 | P56: 104.618 | S56: 1 | T56: 104.618 | U56: 104.618 | V56: =T56<=Rules!$B$4 -> FALSE | W56: =AND(L56,V56) -> #NAME? | X56: 3 | Y56: FALSE | Z56: not_selected | AA56: Outside the final eligible set.
A57: 5 | B57: 22 | C57: sarima_100_100_5 | D57: (1, 0, 0) | E57: (1, 0, 0, 5) | F57: SARIMA | G57: 0.28420204 | H57: 3.4104245 | I57: 12 | J57: =_xludf.MINIFS($G$5:$G$168,$A$5:$A$168,A57,$B$5:$B$168,B57) -> #NAME? | K57: =IF(J57=0,0,(G57-J57)/J57) -> #NAME? | L57: =K57<=Rules!$B$5 -> #NAME? | Q57: -4853.315 | R57: 95.59 | S57: 1 | T57: 95.59 | U57: 95.59 | V57: =T57<=Rules!$B$4 -> FALSE | W57: =AND(L57,V57) -> #NAME? | X57: 2 | Y57: FALSE | Z57: not_selected | AA57: Outside the final eligible set.
A58: 6 | B58: 22 | C58: sarima_011_200_5 | D58: (0, 1, 1) | E58: (2, 0, 0, 5) | F58: SARIMA | G58: 0.13257184 | H58: 1.5908621 | I58: 12 | J58: =_xludf.MINIFS($G$5:$G$168,$A$5:$A$168,A58,$B$5:$B$168,B58) -> #NAME? | K58: =IF(J58=0,0,(G58-J58)/J58) -> #NAME? | L58: =K58<=Rules!$B$5 -> #NAME? | Q58: -6150.469 | R58: 1.595 | S58: 1 | T58: 1.595 | U58: 1.595 | V58: =T58<=Rules!$B$4 -> TRUE | W58: =AND(L58,V58) -> #NAME? | X58: 3 | Y58: FALSE | Z58: not_selected | AA58: Outside the final eligible set.
A59: 6 | B59: 22 | C59: arima_011 | D59: (0, 1, 1) | E59: (0, 0, 0, 0) | F59: ARIMA | G59: 0.13264391 | H59: 1.5917269 | I59: 12 | J59: =_xludf.MINIFS($G$5:$G$168,$A$5:$A$168,A59,$B$5:$B$168,B59) -> #NAME? | K59: =IF(J59=0,0,(G59-J59)/J59) -> #NAME? | L59: =K59<=Rules!$B$5 -> #NAME? | M59: -6105.423 | N59: 0 | O59: -6094.144 | P59: 0 | S59: 2 | T59: 0 | U59: 0 | V59: =T59<=Rules!$B$4 -> TRUE | W59: =AND(L59,V59) -> #NAME? | X59: 1 | Y59: TRUE | Z59: joint_acceptable | AA59: Both thresholds met; simplest eligible AR/MA structure selected.
A60: 6 | B60: 22 | C60: arima_211 | D60: (2, 1, 1) | E60: (0, 0, 0, 0) | F60: ARIMA | G60: 0.13356487 | H60: 1.6027784 | I60: 12 | J60: =_xludf.MINIFS($G$5:$G$168,$A$5:$A$168,A60,$B$5:$B$168,B60) -> #NAME? | K60: =IF(J60=0,0,(G60-J60)/J60) -> #NAME? | L60: =K60<=Rules!$B$5 -> #NAME? | Q60: -6152.064 | R60: 0 | S60: 1 | T60: 0 | U60: 0 | V60: =T60<=Rules!$B$4 -> TRUE | W60: =AND(L60,V60) -> #NAME? | X60: 3 | Y60: FALSE | Z60: not_selected | AA60: Outside the final eligible set.
A61: 7 | B61: 22 | C61: sarima_011_100_5 | D61: (0, 1, 1) | E61: (1, 0, 0, 5) | F61: SARIMA | G61: 0.24669976 | H61: 2.9603971 | I61: 12 | J61: =_xludf.MINIFS($G$5:$G$168,$A$5:$A$168,A61,$B$5:$B$168,B61) -> #NAME? | K61: =IF(J61=0,0,(G61-J61)/J61) -> #NAME? | L61: =K61<=Rules!$B$5 -> #NAME? | M61: -7439.28 | N61: 0 | O61: -7436.118 | P61: 0 | S61: 2 | T61: 0 | U61: 0 | V61: =T61<=Rules!$B$4 -> TRUE | W61: =AND(L61,V61) -> #NAME? | X61: 2 | Y61: FALSE | Z61: not_selected | AA61: Outside the final eligible set.
A62: 7 | B62: 22 | C62: arima_011 | D62: (0, 1, 1) | E62: (0, 0, 0, 0) | F62: ARIMA | G62: 0.24688156 | H62: 2.9625787 | I62: 12 | J62: =_xludf.MINIFS($G$5:$G$168,$A$5:$A$168,A62,$B$5:$B$168,B62) -> #NAME? | K62: =IF(J62=0,0,(G62-J62)/J62) -> #NAME? | L62: =K62<=Rules!$B$5 -> #NAME? | O62: -7435.07 | P62: 1.048 | S62: 1 | T62: 1.048 | U62: 1.048 | V62: =T62<=Rules!$B$4 -> TRUE | W62: =AND(L62,V62) -> #NAME? | X62: 1 | Y62: TRUE | Z62: joint_acceptable | AA62: Both thresholds met; simplest eligible AR/MA structure selected.
A63: 7 | B63: 22 | C63: arima_112 | D63: (1, 1, 2) | E63: (0, 0, 0, 0) | F63: ARIMA | G63: 0.24700366 | H63: 2.9640439 | I63: 12 | J63: =_xludf.MINIFS($G$5:$G$168,$A$5:$A$168,A63,$B$5:$B$168,B63) -> #NAME? | K63: =IF(J63=0,0,(G63-J63)/J63) -> #NAME? | L63: =K63<=Rules!$B$5 -> #NAME? | Q63: -7458.368 | R63: 0 | S63: 1 | T63: 0 | U63: 0 | V63: =T63<=Rules!$B$4 -> TRUE | W63: =AND(L63,V63) -> #NAME? | X63: 3 | Y63: FALSE | Z63: not_selected | AA63: Outside the final eligible set.
A64: 7 | B64: 22 | C64: arima_012 | D64: (0, 1, 2) | E64: (0, 0, 0, 0) | F64: ARIMA | G64: 0.24706786 | H64: 2.9648143 | I64: 12 | J64: =_xludf.MINIFS($G$5:$G$168,$A$5:$A$168,A64,$B$5:$B$168,B64) -> #NAME? | K64: =IF(J64=0,0,(G64-J64)/J64) -> #NAME? | L64: =K64<=Rules!$B$5 -> #NAME? | M64: -7430.791 | N64: 8.489 | S64: 1 | T64: 8.489 | U64: 8.489 | V64: =T64<=Rules!$B$4 -> FALSE | W64: =AND(L64,V64) -> #NAME? | X64: 2 | Y64: FALSE | Z64: not_selected | AA64: Outside the final eligible set.
A65: 8 | B65: 22 | C65: arima_113 | D65: (1, 1, 3) | E65: (0, 0, 0, 0) | F65: ARIMA | G65: 0.20449846 | H65: 2.4539816 | I65: 12 | J65: =_xludf.MINIFS($G$5:$G$168,$A$5:$A$168,A65,$B$5:$B$168,B65) -> #NAME? | K65: =IF(J65=0,0,(G65-J65)/J65) -> #NAME? | L65: =K65<=Rules!$B$5 -> #NAME? | O65: -6206.554 | P65: 0 | S65: 1 | T65: 0 | U65: 0 | V65: =T65<=Rules!$B$4 -> TRUE | W65: =AND(L65,V65) -> #NAME? | X65: 4 | Y65: FALSE | Z65: not_selected | AA65: Outside the final eligible set.
A66: 8 | B66: 22 | C66: arima_111 | D66: (1, 1, 1) | E66: (0, 0, 0, 0) | F66: ARIMA | G66: 0.20499998 | H66: 2.4599998 | I66: 12 | J66: =_xludf.MINIFS($G$5:$G$168,$A$5:$A$168,A66,$B$5:$B$168,B66) -> #NAME? | K66: =IF(J66=0,0,(G66-J66)/J66) -> #NAME? | L66: =K66<=Rules!$B$5 -> #NAME? | M66: -6206.354 | N66: 0 | O66: -6205.341 | P66: 1.213 | S66: 2 | T66: 0.6065 | U66: 1.213 | V66: =T66<=Rules!$B$4 -> TRUE | W66: =AND(L66,V66) -> #NAME? | X66: 2 | Y66: TRUE | Z66: joint_acceptable | AA66: Both thresholds met; simplest eligible AR/MA structure selected.
A67: 8 | B67: 22 | C67: sarima_011_001_5 | D67: (0, 1, 1) | E67: (0, 0, 1, 5) | F67: SARIMA | G67: 0.20582103 | H67: 2.4698524 | I67: 12 | J67: =_xludf.MINIFS($G$5:$G$168,$A$5:$A$168,A67,$B$5:$B$168,B67) -> #NAME? | K67: =IF(J67=0,0,(G67-J67)/J67) -> #NAME? | L67: =K67<=Rules!$B$5 -> #NAME? | Q67: -6217.242 | R67: 0 | S67: 1 | T67: 0 | U67: 0 | V67: =T67<=Rules!$B$4 -> TRUE | W67: =AND(L67,V67) -> #NAME? | X67: 2 | Y67: FALSE | Z67: not_selected | AA67: Outside the final eligible set.
A68: 8 | B68: 22 | C68: arima_011 | D68: (0, 1, 1) | E68: (0, 0, 0, 0) | F68: ARIMA | G68: 0.2067383 | H68: 2.4808595 | I68: 12 | J68: =_xludf.MINIFS($G$5:$G$168,$A$5:$A$168,A68,$B$5:$B$168,B68) -> #NAME? | K68: =IF(J68=0,0,(G68-J68)/J68) -> #NAME? | L68: =K68<=Rules!$B$5 -> #NAME? | Q68: -6216.733 | R68: 0.509 | S68: 1 | T68: 0.509 | U68: 0.509 | V68: =T68<=Rules!$B$4 -> TRUE | W68: =AND(L68,V68) -> #NAME? | X68: 1 | Y68: FALSE | Z68: not_selected | AA68: Outside the final eligible set.
A69: 9 | B69: 22 | C69: arima_011 | D69: (0, 1, 1) | E69: (0, 0, 0, 0) | F69: ARIMA | G69: 0.19958977 | H69: 2.3950772 | I69: 12 | J69: =_xludf.MINIFS($G$5:$G$168,$A$5:$A$168,A69,$B$5:$B$168,B69) -> #NAME? | K69: =IF(J69=0,0,(G69-J69)/J69) -> #NAME? | L69: =K69<=Rules!$B$5 -> #NAME? | O69: -5821.445 | P69: 7.38 | S69: 1 | T69: 7.38 | U69: 7.38 | V69: =T69<=Rules!$B$4 -> FALSE | W69: =AND(L69,V69) -> #NAME? | X69: 1 | Y69: TRUE | Z69: fallback_best_smape | AA69: No joint candidate; lowest sMAPE selected and AICc conflict flagged.
A70: 9 | B70: 22 | C70: arima_211 | D70: (2, 1, 1) | E70: (0, 0, 0, 0) | F70: ARIMA | G70: 0.20180281 | H70: 2.4216338 | I70: 12 | J70: =_xludf.MINIFS($G$5:$G$168,$A$5:$A$168,A70,$B$5:$B$168,B70) -> #NAME? | K70: =IF(J70=0,0,(G70-J70)/J70) -> #NAME? | L70: =K70<=Rules!$B$5 -> #NAME? | O70: -5828.825 | P70: 0 | S70: 1 | T70: 0 | U70: 0 | V70: =T70<=Rules!$B$4 -> TRUE | W70: =AND(L70,V70) -> #NAME? | X70: 3 | Y70: FALSE | Z70: not_selected | AA70: Outside the final eligible set.
A71: 9 | B71: 22 | C71: arima_013 | D71: (0, 1, 3) | E71: (0, 0, 0, 0) | F71: ARIMA | G71: 0.20194009 | H71: 2.423281 | I71: 12 | J71: =_xludf.MINIFS($G$5:$G$168,$A$5:$A$168,A71,$B$5:$B$168,B71) -> #NAME? | K71: =IF(J71=0,0,(G71-J71)/J71) -> #NAME? | L71: =K71<=Rules!$B$5 -> #NAME? | Q71: -5834.714 | R71: 0 | S71: 1 | T71: 0 | U71: 0 | V71: =T71<=Rules!$B$4 -> TRUE | W71: =AND(L71,V71) -> #NAME? | X71: 3 | Y71: FALSE | Z71: not_selected | AA71: Outside the final eligible set.
A72: 9 | B72: 22 | C72: arima_311 | D72: (3, 1, 1) | E72: (0, 0, 0, 0) | F72: ARIMA | G72: 0.20233807 | H72: 2.4280568 | I72: 12 | J72: =_xludf.MINIFS($G$5:$G$168,$A$5:$A$168,A72,$B$5:$B$168,B72) -> #NAME? | K72: =IF(J72=0,0,(G72-J72)/J72) -> #NAME? | L72: =K72<=Rules!$B$5 -> #NAME? | M72: -5830.952 | N72: 0 | S72: 1 | T72: 0 | U72: 0 | V72: =T72<=Rules!$B$4 -> TRUE | W72: =AND(L72,V72) -> #NAME? | X72: 4 | Y72: FALSE | Z72: not_selected | AA72: Outside the final eligible set.
A73: 10 | B73: 22 | C73: arima_012 | D73: (0, 1, 2) | E73: (0, 0, 0, 0) | F73: ARIMA | G73: 0.12198485 | H73: 1.4638182 | I73: 12 | J73: =_xludf.MINIFS($G$5:$G$168,$A$5:$A$168,A73,$B$5:$B$168,B73) -> #NAME? | K73: =IF(J73=0,0,(G73-J73)/J73) -> #NAME? | L73: =K73<=Rules!$B$5 -> #NAME? | M73: -4245.561 | N73: 0 | O73: -4241.258 | P73: 0.129 | Q73: -4258.77 | R73: 0 | S73: 3 | T73: 0 | U73: 0.129 | V73: =T73<=Rules!$B$4 -> TRUE | W73: =AND(L73,V73) -> #NAME? | X73: 2 | Y73: TRUE | Z73: joint_acceptable | AA73: Both thresholds met; simplest eligible AR/MA structure selected.
A74: 10 | B74: 22 | C74: sarima_012_002_5 | D74: (0, 1, 2) | E74: (0, 0, 2, 5) | F74: SARIMA | G74: 0.12209426 | H74: 1.4651312 | I74: 12 | J74: =_xludf.MINIFS($G$5:$G$168,$A$5:$A$168,A74,$B$5:$B$168,B74) -> #NAME? | K74: =IF(J74=0,0,(G74-J74)/J74) -> #NAME? | L74: =K74<=Rules!$B$5 -> #NAME? | O74: -4241.387 | P74: 0 | S74: 1 | T74: 0 | U74: 0 | V74: =T74<=Rules!$B$4 -> TRUE | W74: =AND(L74,V74) -> #NAME? | X74: 4 | Y74: FALSE | Z74: not_selected | AA74: Outside the final eligible set.
A75: 11 | B75: 22 | C75: sarima_112_100_5 | D75: (1, 1, 2) | E75: (1, 0, 0, 5) | F75: SARIMA | G75: 0.4419396 | H75: 5.3032752 | I75: 12 | J75: =_xludf.MINIFS($G$5:$G$168,$A$5:$A$168,A75,$B$5:$B$168,B75) -> #NAME? | K75: =IF(J75=0,0,(G75-J75)/J75) -> #NAME? | L75: =K75<=Rules!$B$5 -> #NAME? | O75: -4970.147 | P75: 0 | S75: 1 | T75: 0 | U75: 0 | V75: =T75<=Rules!$B$4 -> TRUE | W75: =AND(L75,V75) -> #NAME? | X75: 4 | Y75: TRUE | Z75: joint_acceptable | AA75: Both thresholds met; simplest eligible AR/MA structure selected.
A76: 11 | B76: 22 | C76: sarima_111_001_5 | D76: (1, 1, 1) | E76: (0, 0, 1, 5) | F76: SARIMA | G76: 0.49215034 | H76: 5.9058041 | I76: 12 | J76: =_xludf.MINIFS($G$5:$G$168,$A$5:$A$168,A76,$B$5:$B$168,B76) -> #NAME? | K76: =IF(J76=0,0,(G76-J76)/J76) -> #NAME? | L76: =K76<=Rules!$B$5 -> #NAME? | Q76: -4971.144 | R76: 0 | S76: 1 | T76: 0 | U76: 0 | V76: =T76<=Rules!$B$4 -> TRUE | W76: =AND(L76,V76) -> #NAME? | X76: 3 | Y76: FALSE | Z76: not_selected | AA76: Outside the final eligible set.
A77: 11 | B77: 22 | C77: arima_111 | D77: (1, 1, 1) | E77: (0, 0, 0, 0) | F77: ARIMA | G77: 0.49801683 | H77: 5.9762019 | I77: 12 | J77: =_xludf.MINIFS($G$5:$G$168,$A$5:$A$168,A77,$B$5:$B$168,B77) -> #NAME? | K77: =IF(J77=0,0,(G77-J77)/J77) -> #NAME? | L77: =K77<=Rules!$B$5 -> #NAME? | M77: -4965.865 | N77: 6.264 | O77: -4964.025 | P77: 6.122 | Q77: -4968.185 | R77: 2.959 | S77: 3 | T77: 6.122 | U77: 6.264 | V77: =T77<=Rules!$B$4 -> FALSE | W77: =AND(L77,V77) -> #NAME? | X77: 2 | Y77: FALSE | Z77: not_selected | AA77: Outside the final eligible set.
A78: 11 | B78: 22 | C78: sarima_112_001_5 | D78: (1, 1, 2) | E78: (0, 0, 1, 5) | F78: SARIMA | G78: 0.50687114 | H78: 6.0824537 | I78: 12 | J78: =_xludf.MINIFS($G$5:$G$168,$A$5:$A$168,A78,$B$5:$B$168,B78) -> #NAME? | K78: =IF(J78=0,0,(G78-J78)/J78) -> #NAME? | L78: =K78<=Rules!$B$5 -> #NAME? | M78: -4972.129 | N78: 0 | S78: 1 | T78: 0 | U78: 0 | V78: =T78<=Rules!$B$4 -> TRUE | W78: =AND(L78,V78) -> #NAME? | X78: 4 | Y78: FALSE | Z78: not_selected | AA78: Outside the final eligible set.
A79: 12 | B79: 22 | C79: arima_201 | D79: (2, 0, 1) | E79: (0, 0, 0, 0) | F79: ARIMA | G79: 1.2108263 | H79: 14.529916 | I79: 12 | J79: =_xludf.MINIFS($G$5:$G$168,$A$5:$A$168,A79,$B$5:$B$168,B79) -> #NAME? | K79: =IF(J79=0,0,(G79-J79)/J79) -> #NAME? | L79: =K79<=Rules!$B$5 -> #NAME? | Q79: -7119.655 | R79: 0 | S79: 1 | T79: 0 | U79: 0 | V79: =T79<=Rules!$B$4 -> TRUE | W79: =AND(L79,V79) -> #NAME? | X79: 3 | Y79: TRUE | Z79: joint_acceptable | AA79: Both thresholds met; simplest eligible AR/MA structure selected.
A80: 12 | B80: 22 | C80: arima_400 | D80: (4, 0, 0) | E80: (0, 0, 0, 0) | F80: ARIMA | G80: 1.2764348 | H80: 15.317218 | I80: 12 | J80: =_xludf.MINIFS($G$5:$G$168,$A$5:$A$168,A80,$B$5:$B$168,B80) -> #NAME? | K80: =IF(J80=0,0,(G80-J80)/J80) -> #NAME? | L80: =K80<=Rules!$B$5 -> #NAME? | M80: -7087.993 | N80: 1.267 | O80: -7081.274 | P80: 0.847 | S80: 2 | T80: 1.057 | U80: 1.267 | V80: =T80<=Rules!$B$4 -> TRUE | W80: =AND(L80,V80) -> #NAME? | X80: 4 | Y80: FALSE | Z80: not_selected | AA80: Outside the final eligible set.
A81: 12 | B81: 22 | C81: arima_500 | D81: (5, 0, 0) | E81: (0, 0, 0, 0) | F81: ARIMA | G81: 1.2966987 | H81: 15.560384 | I81: 12 | J81: =_xludf.MINIFS($G$5:$G$168,$A$5:$A$168,A81,$B$5:$B$168,B81) -> #NAME? | K81: =IF(J81=0,0,(G81-J81)/J81) -> #NAME? | L81: =K81<=Rules!$B$5 -> #NAME? | M81: -7089.26 | N81: 0 | O81: -7082.121 | P81: 0 | Q81: -7113.162 | R81: 6.493 | S81: 3 | T81: 0 | U81: 6.493 | V81: =T81<=Rules!$B$4 -> TRUE | W81: =AND(L81,V81) -> #NAME? | X81: 5 | Y81: FALSE | Z81: not_selected | AA81: Outside the final eligible set.
A82: 13 | B82: 22 | C82: sarima_412_101_5 | D82: (4, 1, 2) | E82: (1, 0, 1, 5) | F82: SARIMA | G82: 1.8283335 | H82: 21.940002 | I82: 12 | J82: =_xludf.MINIFS($G$5:$G$168,$A$5:$A$168,A82,$B$5:$B$168,B82) -> #NAME? | K82: =IF(J82=0,0,(G82-J82)/J82) -> #NAME? | L82: =K82<=Rules!$B$5 -> #NAME? | M82: -2477.266 | N82: 0 | S82: 1 | T82: 0 | U82: 0 | V82: =T82<=Rules!$B$4 -> TRUE | W82: =AND(L82,V82) -> #NAME? | X82: 8 | Y82: FALSE | Z82: not_selected | AA82: Outside the final eligible set.
A83: 13 | B83: 22 | C83: arima_411 | D83: (4, 1, 1) | E83: (0, 0, 0, 0) | F83: ARIMA | G83: 1.830758 | H83: 21.969096 | I83: 12 | J83: =_xludf.MINIFS($G$5:$G$168,$A$5:$A$168,A83,$B$5:$B$168,B83) -> #NAME? | K83: =IF(J83=0,0,(G83-J83)/J83) -> #NAME? | L83: =K83<=Rules!$B$5 -> #NAME? | Q83: -2491.09 | R83: 4.333 | S83: 1 | T83: 4.333 | U83: 4.333 | V83: =T83<=Rules!$B$4 -> FALSE | W83: =AND(L83,V83) -> #NAME? | X83: 5 | Y83: FALSE | Z83: not_selected | AA83: Outside the final eligible set.
A84: 13 | B84: 22 | C84: sarima_113_002_5 | D84: (1, 1, 3) | E84: (0, 0, 2, 5) | F84: SARIMA | G84: 1.8312958 | H84: 21.97555 | I84: 12 | J84: =_xludf.MINIFS($G$5:$G$168,$A$5:$A$168,A84,$B$5:$B$168,B84) -> #NAME? | K84: =IF(J84=0,0,(G84-J84)/J84) -> #NAME? | L84: =K84<=Rules!$B$5 -> #NAME? | O84: -2467.899 | P84: 0 | S84: 1 | T84: 0 | U84: 0 | V84: =T84<=Rules!$B$4 -> TRUE | W84: =AND(L84,V84) -> #NAME? | X84: 6 | Y84: TRUE | Z84: joint_acceptable | AA84: Both thresholds met; simplest eligible AR/MA structure selected.
A85: 13 | B85: 22 | C85: sarima_312_101_5 | D85: (3, 1, 2) | E85: (1, 0, 1, 5) | F85: SARIMA | G85: 1.8315826 | H85: 21.978992 | I85: 12 | J85: =_xludf.MINIFS($G$5:$G$168,$A$5:$A$168,A85,$B$5:$B$168,B85) -> #NAME? | K85: =IF(J85=0,0,(G85-J85)/J85) -> #NAME? | L85: =K85<=Rules!$B$5 -> #NAME? | Q85: -2495.423 | R85: 0 | S85: 1 | T85: 0 | U85: 0 | V85: =T85<=Rules!$B$4 -> TRUE | W85: =AND(L85,V85) -> #NAME? | X85: 7 | Y85: FALSE | Z85: not_selected | AA85: Outside the final eligible set.
A86: 13 | B86: 22 | C86: arima_013 | D86: (0, 1, 3) | E86: (0, 0, 0, 0) | F86: ARIMA | G86: 1.8371129 | H86: 22.045355 | I86: 12 | J86: =_xludf.MINIFS($G$5:$G$168,$A$5:$A$168,A86,$B$5:$B$168,B86) -> #NAME? | K86: =IF(J86=0,0,(G86-J86)/J86) -> #NAME? | L86: =K86<=Rules!$B$5 -> #NAME? | M86: -2466.073 | N86: 11.193 | O86: -2462.339 | P86: 5.56 | S86: 2 | T86: 8.3765 | U86: 11.193 | V86: =T86<=Rules!$B$4 -> FALSE | W86: =AND(L86,V86) -> #NAME? | X86: 3 | Y86: FALSE | Z86: not_selected | AA86: Outside the final eligible set.
A87: 1 | B87: 66 | C87: sarima_112_100_5 | D87: (1, 1, 2) | E87: (1, 0, 0, 5) | F87: SARIMA | G87: 0.11840536 | H87: 0.47362144 | I87: 4 | J87: =_xludf.MINIFS($G$5:$G$168,$A$5:$A$168,A87,$B$5:$B$168,B87) -> #NAME? | K87: =IF(J87=0,0,(G87-J87)/J87) -> #NAME? | L87: =K87<=Rules!$B$5 -> #NAME? | M87: -3844.78 | N87: 0 | O87: -3836.968 | P87: 0 | Q87: -3858.851 | R87: 0 | S87: 3 | T87: 0 | U87: 0 | V87: =T87<=Rules!$B$4 -> TRUE | W87: =AND(L87,V87) -> #NAME? | X87: 4 | Y87: TRUE | Z87: joint_acceptable | AA87: Both thresholds met; simplest eligible AR/MA structure selected.
A88: 1 | B88: 66 | C88: arima_112 | D88: (1, 1, 2) | E88: (0, 0, 0, 0) | F88: ARIMA | G88: 0.13350772 | H88: 0.53403088 | I88: 4 | J88: =_xludf.MINIFS($G$5:$G$168,$A$5:$A$168,A88,$B$5:$B$168,B88) -> #NAME? | K88: =IF(J88=0,0,(G88-J88)/J88) -> #NAME? | L88: =K88<=Rules!$B$5 -> #NAME? | M88: -3842.27 | N88: 2.51 | O88: -3836.025 | P88: 0.943 | Q88: -3857.196 | R88: 1.655 | S88: 3 | T88: 1.655 | U88: 2.51 | V88: =T88<=Rules!$B$4 -> TRUE | W88: =AND(L88,V88) -> #NAME? | X88: 3 | Y88: FALSE | Z88: not_selected | AA88: Outside the final eligible set.
A89: 2 | B89: 66 | C89: arima_111 | D89: (1, 1, 1) | E89: (0, 0, 0, 0) | F89: ARIMA | G89: 0.21126488 | H89: 0.84505951 | I89: 4 | J89: =_xludf.MINIFS($G$5:$G$168,$A$5:$A$168,A89,$B$5:$B$168,B89) -> #NAME? | K89: =IF(J89=0,0,(G89-J89)/J89) -> #NAME? | L89: =K89<=Rules!$B$5 -> #NAME? | M89: -4426.001 | N89: 0 | O89: -4425.005 | P89: 0 | Q89: -4432.271 | R89: 0 | S89: 3 | T89: 0 | U89: 0 | V89: =T89<=Rules!$B$4 -> TRUE | W89: =AND(L89,V89) -> #NAME? | X89: 2 | Y89: TRUE | Z89: joint_acceptable | AA89: Both thresholds met; simplest eligible AR/MA structure selected.
A90: 3 | B90: 66 | C90: arima_111 | D90: (1, 1, 1) | E90: (0, 0, 0, 0) | F90: ARIMA | G90: 0.16340872 | H90: 0.65363489 | I90: 4 | J90: =_xludf.MINIFS($G$5:$G$168,$A$5:$A$168,A90,$B$5:$B$168,B90) -> #NAME? | K90: =IF(J90=0,0,(G90-J90)/J90) -> #NAME? | L90: =K90<=Rules!$B$5 -> #NAME? | M90: -4494.561 | N90: 1.417 | O90: -4479.282 | P90: 1.58 | Q90: -4529.137 | R90: 1.38 | S90: 3 | T90: 1.417 | U90: 1.58 | V90: =T90<=Rules!$B$4 -> TRUE | W90: =AND(L90,V90) -> #NAME? | X90: 2 | Y90: TRUE | Z90: joint_acceptable | AA90: Both thresholds met; simplest eligible AR/MA structure selected.
A91: 3 | B91: 66 | C91: sarima_111_002_5 | D91: (1, 1, 1) | E91: (0, 0, 2, 5) | F91: SARIMA | G91: 0.16396346 | H91: 0.65585385 | I91: 4 | J91: =_xludf.MINIFS($G$5:$G$168,$A$5:$A$168,A91,$B$5:$B$168,B91) -> #NAME? | K91: =IF(J91=0,0,(G91-J91)/J91) -> #NAME? | L91: =K91<=Rules!$B$5 -> #NAME? | M91: -4495.978 | N91: 0 | O91: -4480.862 | P91: 0 | Q91: -4530.517 | R91: 0 | S91: 3 | T91: 0 | U91: 0 | V91: =T91<=Rules!$B$4 -> TRUE | W91: =AND(L91,V91) -> #NAME? | X91: 4 | Y91: FALSE | Z91: not_selected | AA91: Outside the final eligible set.
A92: 4 | B92: 66 | C92: arima_011 | D92: (0, 1, 1) | E92: (0, 0, 0, 0) | F92: ARIMA | G92: 0.16683649 | H92: 0.66734594 | I92: 4 | J92: =_xludf.MINIFS($G$5:$G$168,$A$5:$A$168,A92,$B$5:$B$168,B92) -> #NAME? | K92: =IF(J92=0,0,(G92-J92)/J92) -> #NAME? | L92: =K92<=Rules!$B$5 -> #NAME? | Q92: -3808.904 | R92: 0 | S92: 1 | T92: 0 | U92: 0 | V92: =T92<=Rules!$B$4 -> TRUE | W92: =AND(L92,V92) -> #NAME? | X92: 1 | Y92: TRUE | Z92: joint_acceptable | AA92: Both thresholds met; simplest eligible AR/MA structure selected.
A93: 4 | B93: 66 | C93: arima_012 | D93: (0, 1, 2) | E93: (0, 0, 0, 0) | F93: ARIMA | G93: 0.16723508 | H93: 0.66894032 | I93: 4 | J93: =_xludf.MINIFS($G$5:$G$168,$A$5:$A$168,A93,$B$5:$B$168,B93) -> #NAME? | K93: =IF(J93=0,0,(G93-J93)/J93) -> #NAME? | L93: =K93<=Rules!$B$5 -> #NAME? | M93: -3772.007 | N93: 0 | O93: -3771.119 | P93: 0 | S93: 2 | T93: 0 | U93: 0 | V93: =T93<=Rules!$B$4 -> TRUE | W93: =AND(L93,V93) -> #NAME? | X93: 2 | Y93: FALSE | Z93: not_selected | AA93: Outside the final eligible set.
A94: 5 | B94: 66 | C94: arima_102 | D94: (1, 0, 2) | E94: (0, 0, 0, 0) | F94: ARIMA | G94: 0.11691107 | H94: 0.46764429 | I94: 4 | J94: =_xludf.MINIFS($G$5:$G$168,$A$5:$A$168,A94,$B$5:$B$168,B94) -> #NAME? | K94: =IF(J94=0,0,(G94-J94)/J94) -> #NAME? | L94: =K94<=Rules!$B$5 -> #NAME? | M94: -4942.74 | N94: 0 | O94: -4940.97 | P94: 0 | S94: 2 | T94: 0 | U94: 0 | V94: =T94<=Rules!$B$4 -> TRUE | W94: =AND(L94,V94) -> #NAME? | X94: 3 | Y94: TRUE | Z94: joint_acceptable | AA94: Both thresholds met; simplest eligible AR/MA structure selected.
A95: 5 | B95: 66 | C95: arima_202 | D95: (2, 0, 2) | E95: (0, 0, 0, 0) | F95: ARIMA | G95: 0.11734161 | H95: 0.46936645 | I95: 4 | J95: =_xludf.MINIFS($G$5:$G$168,$A$5:$A$168,A95,$B$5:$B$168,B95) -> #NAME? | K95: =IF(J95=0,0,(G95-J95)/J95) -> #NAME? | L95: =K95<=Rules!$B$5 -> #NAME? | Q95: -4948.905 | R95: 0 | S95: 1 | T95: 0 | U95: 0 | V95: =T95<=Rules!$B$4 -> TRUE | W95: =AND(L95,V95) -> #NAME? | X95: 4 | Y95: FALSE | Z95: not_selected | AA95: Outside the final eligible set.
A96: 5 | B96: 66 | C96: arima_400 | D96: (4, 0, 0) | E96: (0, 0, 0, 0) | F96: ARIMA | G96: 0.17751963 | H96: 0.71007853 | I96: 4 | J96: =_xludf.MINIFS($G$5:$G$168,$A$5:$A$168,A96,$B$5:$B$168,B96) -> #NAME? | K96: =IF(J96=0,0,(G96-J96)/J96) -> #NAME? | L96: =K96<=Rules!$B$5 -> #NAME? | M96: -4907.391 | N96: 35.349 | S96: 1 | T96: 35.349 | U96: 35.349 | V96: =T96<=Rules!$B$4 -> FALSE | W96: =AND(L96,V96) -> #NAME? | X96: 4 | Y96: FALSE | Z96: not_selected | AA96: Outside the final eligible set.
A97: 5 | B97: 66 | C97: sarima_002_100_5 | D97: (0, 0, 2) | E97: (1, 0, 0, 5) | F97: SARIMA | G97: 0.28828542 | H97: 1.1531417 | I97: 4 | J97: =_xludf.MINIFS($G$5:$G$168,$A$5:$A$168,A97,$B$5:$B$168,B97) -> #NAME? | K97: =IF(J97=0,0,(G97-J97)/J97) -> #NAME? | L97: =K97<=Rules!$B$5 -> #NAME? | O97: -4836.352 | P97: 104.618 | S97: 1 | T97: 104.618 | U97: 104.618 | V97: =T97<=Rules!$B$4 -> FALSE | W97: =AND(L97,V97) -> #NAME? | X97: 3 | Y97: FALSE | Z97: not_selected | AA97: Outside the final eligible set.
A98: 5 | B98: 66 | C98: sarima_100_100_5 | D98: (1, 0, 0) | E98: (1, 0, 0, 5) | F98: SARIMA | G98: 0.74587501 | H98: 2.9835 | I98: 4 | J98: =_xludf.MINIFS($G$5:$G$168,$A$5:$A$168,A98,$B$5:$B$168,B98) -> #NAME? | K98: =IF(J98=0,0,(G98-J98)/J98) -> #NAME? | L98: =K98<=Rules!$B$5 -> #NAME? | Q98: -4853.315 | R98: 95.59 | S98: 1 | T98: 95.59 | U98: 95.59 | V98: =T98<=Rules!$B$4 -> FALSE | W98: =AND(L98,V98) -> #NAME? | X98: 2 | Y98: FALSE | Z98: not_selected | AA98: Outside the final eligible set.
A99: 6 | B99: 66 | C99: arima_011 | D99: (0, 1, 1) | E99: (0, 0, 0, 0) | F99: ARIMA | G99: 0.13430141 | H99: 0.53720564 | I99: 4 | J99: =_xludf.MINIFS($G$5:$G$168,$A$5:$A$168,A99,$B$5:$B$168,B99) -> #NAME? | K99: =IF(J99=0,0,(G99-J99)/J99) -> #NAME? | L99: =K99<=Rules!$B$5 -> #NAME? | M99: -6105.423 | N99: 0 | O99: -6094.144 | P99: 0 | S99: 2 | T99: 0 | U99: 0 | V99: =T99<=Rules!$B$4 -> TRUE | W99: =AND(L99,V99) -> #NAME? | X99: 1 | Y99: TRUE | Z99: joint_acceptable | AA99: Both thresholds met; simplest eligible AR/MA structure selected.
A100: 6 | B100: 66 | C100: sarima_011_200_5 | D100: (0, 1, 1) | E100: (2, 0, 0, 5) | F100: SARIMA | G100: 0.13443627 | H100: 0.53774507 | I100: 4 | J100: =_xludf.MINIFS($G$5:$G$168,$A$5:$A$168,A100,$B$5:$B$168,B100) -> #NAME? | K100: =IF(J100=0,0,(G100-J100)/J100) -> #NAME? | L100: =K100<=Rules!$B$5 -> #NAME? | Q100: -6150.469 | R100: 1.595 | S100: 1 | T100: 1.595 | U100: 1.595 | V100: =T100<=Rules!$B$4 -> TRUE | W100: =AND(L100,V100) -> #NAME? | X100: 3 | Y100: FALSE | Z100: not_selected | AA100: Outside the final eligible set.
A101: 6 | B101: 66 | C101: arima_211 | D101: (2, 1, 1) | E101: (0, 0, 0, 0) | F101: ARIMA | G101: 0.13565143 | H101: 0.54260572 | I101: 4 | J101: =_xludf.MINIFS($G$5:$G$168,$A$5:$A$168,A101,$B$5:$B$168,B101) -> #NAME? | K101: =IF(J101=0,0,(G101-J101)/J101) -> #NAME? | L101: =K101<=Rules!$B$5 -> #NAME? | Q101: -6152.064 | R101: 0 | S101: 1 | T101: 0 | U101: 0 | V101: =T101<=Rules!$B$4 -> TRUE | W101: =AND(L101,V101) -> #NAME? | X101: 3 | Y101: FALSE | Z101: not_selected | AA101: Outside the final eligible set.
...

Sheet Rules
A1: Model selection rules and assumptions | B1: Model selection rules and assumptions | C1: Model selection rules and assumptions | D1: Model selection rules and assumptions
A3: Parameter | B3: Applied value | C3: Interpretation | D3: Role in decision
A4: AICc delta limit | B4: 2 | C4: ΔAICc ≤ 2 is treated as supported / practically tied. | D4: Candidate-level median within-method ΔAICc must be within this limit.
A5: Relative sMAPE tie limit | B5: 0.01 | C5: A candidate within 1% of the lowest mean sMAPE is practically tied. | D5: Defines the sMAPE-competitive shortlist.
A7: Step | B7: Rule | C7: Why | D7: Output
A8: 1 | B8: Compare AICc only inside the same interpolation method. | C8: Raw AICc levels from linear, pchip, and spline use different fitted series and are not directly comparable. | D8: Within-method ΔAICc
A9: 2 | B9: Shortlist candidates within the relative sMAPE limit. | C9: sMAPE is the project forecast metric and is evaluated on the common CV design. | D9: sMAPE acceptable
A10: 3 | B10: Require median within-method ΔAICc within the AICc limit. | C10: This retains candidates with reasonable likelihood support. | D10: Joint acceptable
A11: 4 | B11: Among jointly acceptable candidates, choose minimum p+q+P+Q. | C11: AR/MA coefficient count is the tie-break measure of model simplicity. | D11: Selected configuration
A12: 5 | B12: If no joint candidate exists, choose lowest sMAPE and flag it. | C12: A complete configuration is still produced, but the trade-off remains visible. | D12: Fallback status
A14: Important limitation
A15: The sMAPE file contains means and fold counts but no fold-level dispersion; therefore the 1% rule is a practical tolerance, not a statistical significance test.
A16: The selected configuration uses the SARIMAX engine for all candidates; ordinary ARIMA uses seasonal_order=(0, 0, 0, 0).

Sheet AICC_Evidence
A1: Candidate-level AICc evidence | B1: Candidate-level AICc evidence | C1: Candidate-level AICc evidence | D1: Candidate-level AICc evidence | E1: Candidate-level AICc evidence | F1: Candidate-level AICc evidence | G1: Candidate-level AICc evidence | H1: Candidate-level AICc evidence | I1: Candidate-level AICc evidence | J1: Candidate-level AICc evidence
A2: Each ΔAICc is calculated only against candidates fitted with the same material and interpolation method.
A4: material | B4: imputation_method | C4: source_run | D4: order | E4: seasonal_order | F4: model_type | G4: aicc | H4: method_best_aicc | I4: delta_from_method_best | J4: aicc_support
A5: 1 | B5: linear | C5: seasonal_auto | D5: (1, 1, 2) | E5: (1, 0, 0, 5) | F5: SARIMA | G5: -3844.78 | H5: =_xludf.MINIFS($G$5:$G$68,$A$5:$A$68,A5,$B$5:$B$68,B5) -> #NAME? | I5: =G5-H5 -> #NAME? | J5: =IF(I5<=Rules!$B$4,"supported","weaker") -> #NAME?
A6: 1 | B6: linear | C6: nonseasonal_auto | D6: (1, 1, 2) | E6: (0, 0, 0, 0) | F6: ARIMA | G6: -3842.27 | H6: =_xludf.MINIFS($G$5:$G$68,$A$5:$A$68,A6,$B$5:$B$68,B6) -> #NAME? | I6: =G6-H6 -> #NAME? | J6: =IF(I6<=Rules!$B$4,"supported","weaker") -> #NAME?
A7: 1 | B7: pchip | C7: seasonal_auto | D7: (1, 1, 2) | E7: (1, 0, 0, 5) | F7: SARIMA | G7: -3836.968 | H7: =_xludf.MINIFS($G$5:$G$68,$A$5:$A$68,A7,$B$5:$B$68,B7) -> #NAME? | I7: =G7-H7 -> #NAME? | J7: =IF(I7<=Rules!$B$4,"supported","weaker") -> #NAME?
A8: 1 | B8: pchip | C8: nonseasonal_auto | D8: (1, 1, 2) | E8: (0, 0, 0, 0) | F8: ARIMA | G8: -3836.025 | H8: =_xludf.MINIFS($G$5:$G$68,$A$5:$A$68,A8,$B$5:$B$68,B8) -> #NAME? | I8: =G8-H8 -> #NAME? | J8: =IF(I8<=Rules!$B$4,"supported","weaker") -> #NAME?
A9: 1 | B9: spline | C9: seasonal_auto | D9: (1, 1, 2) | E9: (1, 0, 0, 5) | F9: SARIMA | G9: -3858.851 | H9: =_xludf.MINIFS($G$5:$G$68,$A$5:$A$68,A9,$B$5:$B$68,B9) -> #NAME? | I9: =G9-H9 -> #NAME? | J9: =IF(I9<=Rules!$B$4,"supported","weaker") -> #NAME?
A10: 1 | B10: spline | C10: nonseasonal_auto | D10: (1, 1, 2) | E10: (0, 0, 0, 0) | F10: ARIMA | G10: -3857.196 | H10: =_xludf.MINIFS($G$5:$G$68,$A$5:$A$68,A10,$B$5:$B$68,B10) -> #NAME? | I10: =G10-H10 -> #NAME? | J10: =IF(I10<=Rules!$B$4,"supported","weaker") -> #NAME?
A11: 2 | B11: linear | C11: nonseasonal_auto | D11: (1, 1, 1) | E11: (0, 0, 0, 0) | F11: ARIMA | G11: -4426.001 | H11: =_xludf.MINIFS($G$5:$G$68,$A$5:$A$68,A11,$B$5:$B$68,B11) -> #NAME? | I11: =G11-H11 -> #NAME? | J11: =IF(I11<=Rules!$B$4,"supported","weaker") -> #NAME?
A12: 2 | B12: pchip | C12: nonseasonal_auto | D12: (1, 1, 1) | E12: (0, 0, 0, 0) | F12: ARIMA | G12: -4425.005 | H12: =_xludf.MINIFS($G$5:$G$68,$A$5:$A$68,A12,$B$5:$B$68,B12) -> #NAME? | I12: =G12-H12 -> #NAME? | J12: =IF(I12<=Rules!$B$4,"supported","weaker") -> #NAME?
A13: 2 | B13: spline | C13: nonseasonal_auto | D13: (1, 1, 1) | E13: (0, 0, 0, 0) | F13: ARIMA | G13: -4432.271 | H13: =_xludf.MINIFS($G$5:$G$68,$A$5:$A$68,A13,$B$5:$B$68,B13) -> #NAME? | I13: =G13-H13 -> #NAME? | J13: =IF(I13<=Rules!$B$4,"supported","weaker") -> #NAME?
A14: 3 | B14: linear | C14: seasonal_auto | D14: (1, 1, 1) | E14: (0, 0, 2, 5) | F14: SARIMA | G14: -4495.978 | H14: =_xludf.MINIFS($G$5:$G$68,$A$5:$A$68,A14,$B$5:$B$68,B14) -> #NAME? | I14: =G14-H14 -> #NAME? | J14: =IF(I14<=Rules!$B$4,"supported","weaker") -> #NAME?
A15: 3 | B15: linear | C15: nonseasonal_auto | D15: (1, 1, 1) | E15: (0, 0, 0, 0) | F15: ARIMA | G15: -4494.561 | H15: =_xludf.MINIFS($G$5:$G$68,$A$5:$A$68,A15,$B$5:$B$68,B15) -> #NAME? | I15: =G15-H15 -> #NAME? | J15: =IF(I15<=Rules!$B$4,"supported","weaker") -> #NAME?
A16: 3 | B16: pchip | C16: seasonal_auto | D16: (1, 1, 1) | E16: (0, 0, 2, 5) | F16: SARIMA | G16: -4480.862 | H16: =_xludf.MINIFS($G$5:$G$68,$A$5:$A$68,A16,$B$5:$B$68,B16) -> #NAME? | I16: =G16-H16 -> #NAME? | J16: =IF(I16<=Rules!$B$4,"supported","weaker") -> #NAME?
... A68: 13 | B68: spline | C68: nonseasonal_auto | D68: (4, 1, 1) | E68: (0, 0, 0, 0) | F68: ARIMA | G68: -2491.09 | H68: =_xludf.MINIFS($G$5:$G$68,$A$5:$A$68,A68,$B$5:$B$68,B68) -> #NAME? | I68: =G68-H68 -> #NAME? | J68: =IF(I68<=Rules!$B$4,"supported","weaker") -> #NAME?

Sheet Source_AICC
A1: material | B1: imputation_method | C1: arima_order | D1: sarima_order | E1: sarima_seasonal_order | F1: arima_aicc | G1: sarima_aicc | H1: delta_aicc | I1: aicc_result | J1: seasonal_result
A2: 1 | B2: linear | C2: (1, 1, 2) | D2: (1, 1, 2) | E2: (1, 0, 0, 5) | F2: -3842.27 | G2: -3844.78 | H2: -2.51 | I2: SARIMA lower | J2: Seasonal terms selected
A3: 1 | B3: pchip | C3: (1, 1, 2) | D3: (1, 1, 2) | E3: (1, 0, 0, 5) | F3: -3836.025 | G3: -3836.968 | H3: -0.943 | I3: SARIMA lower | J3: Seasonal terms selected
A4: 1 | B4: spline | C4: (1, 1, 2) | D4: (1, 1, 2) | E4: (1, 0, 0, 5) | F4: -3857.196 | G4: -3858.851 | H4: -1.655 | I4: SARIMA lower | J4: Seasonal terms selected
A5: 2 | B5: linear | C5: (1, 1, 1) | D5: (1, 1, 1) | E5: (0, 0, 0, 5) | F5: -4426.001 | G5: -4426.001 | H5: 0.0 | I5: Tie | J5: No seasonal terms
A6: 2 | B6: pchip | C6: (1, 1, 1) | D6: (1, 1, 1) | E6: (0, 0, 0, 5) | F6: -4425.005 | G6: -4425.005 | H6: 0.0 | I6: Tie | J6: No seasonal terms
A7: 2 | B7: spline | C7: (1, 1, 1) | D7: (1, 1, 1) | E7: (0, 0, 0, 5) | F7: -4432.271 | G7: -4432.271 | H7: 0.0 | I7: Tie | J7: No seasonal terms
A8: 3 | B8: linear | C8: (1, 1, 1) | D8: (1, 1, 1) | E8: (0, 0, 2, 5) | F8: -4494.561 | G8: -4495.978 | H8: -1.417 | I8: SARIMA lower | J8: Seasonal terms selected
A9: 3 | B9: pchip | C9: (1, 1, 1) | D9: (1, 1, 1) | E9: (0, 0, 2, 5) | F9: -4479.282 | G9: -4480.862 | H9: -1.58 | I9: SARIMA lower | J9: Seasonal terms selected
A10: 3 | B10: spline | C10: (1, 1, 1) | D10: (1, 1, 1) | E10: (0, 0, 2, 5) | F10: -4529.137 | G10: -4530.517 | H10: -1.38 | I10: SARIMA lower | J10: Seasonal terms selected
A11: 4 | B11: linear | C11: (0, 1, 2) | D11: (0, 1, 2) | E11: (0, 0, 0, 5) | F11: -3772.007 | G11: -3772.007 | H11: 0.0 | I11: Tie | J11: No seasonal terms
A12: 4 | B12: pchip | C12: (0, 1, 2) | D12: (0, 1, 2) | E12: (0, 0, 0, 5) | F12: -3771.119 | G12: -3771.119 | H12: 0.0 | I12: Tie | J12: No seasonal terms
... A40: 13 | B40: spline | C40: (4, 1, 1) | D40: (3, 1, 2) | E40: (1, 0, 1, 5) | F40: -2491.09 | G40: -2495.423 | H40: -4.333 | I40: SARIMA lower | J40: Seasonal terms selected

Sheet Source_sMAPE
A1: material | B1: horizon | C1: candidate | D1: order | E1: seasonal_order | F1: mean_smape | G1: sum_smape | H1: number_of_folds
A2: 1 | B2: 10 | C2: arima_112 | D2: (1, 1, 2) | E2: (0, 0, 0, 0) | F2: 0.10521148696882493 | G2: 2.8407101481582733 | H2: 27
A3: 1 | B3: 10 | C3: sarima_112_100_5 | D3: (1, 1, 2) | E3: (1, 0, 0, 5) | F3: 0.10202196839480403 | G3: 2.7545931466597087 | H3: 27
A4: 2 | B4: 10 | C4: arima_111 | D4: (1, 1, 1) | E4: (0, 0, 0, 0) | F4: 0.1361064845120819 | G4: 3.6748750818262113 | H4: 27
A5: 3 | B5: 10 | C5: arima_111 | D5: (1, 1, 1) | E5: (0, 0, 0, 0) | F5: 0.1557666274815043 | G5: 4.205698942000616 | H5: 27
A6: 3 | B6: 10 | C6: sarima_111_002_5 | D6: (1, 1, 1) | E6: (0, 0, 2, 5) | F6: 0.15529330892651383 | G6: 4.192919341015873 | H6: 27
A7: 4 | B7: 10 | C7: arima_011 | D7: (0, 1, 1) | E7: (0, 0, 0, 0) | F7: 0.15993545953300364 | G7: 4.318257407391099 | H7: 27
A8: 4 | B8: 10 | C8: arima_012 | D8: (0, 1, 2) | E8: (0, 0, 0, 0) | F8: 0.16198423221149152 | G8: 4.3735742697102715 | H8: 27
A9: 5 | B9: 10 | C9: arima_102 | D9: (1, 0, 2) | E9: (0, 0, 0, 0) | F9: 0.10261218243624201 | G9: 2.7705289257785344 | H9: 27
A10: 5 | B10: 10 | C10: arima_202 | D10: (2, 0, 2) | E10: (0, 0, 0, 0) | F10: 0.10228087314707242 | G10: 2.761583574970955 | H10: 27
A11: 5 | B11: 10 | C11: arima_400 | D11: (4, 0, 0) | E11: (0, 0, 0, 0) | F11: 0.1016655219908528 | G11: 2.7449690937530256 | H11: 27
A12: 5 | B12: 10 | C12: sarima_002_100_5 | D12: (0, 0, 2) | E12: (1, 0, 0, 5) | F12: 0.1253999214334 | G12: 3.3857978787018004 | H12: 27
... A165: 13 | B165: 132 | C165: sarima_412_101_5 | D165: (4, 1, 2) | E165: (1, 0, 1, 5) | F165: 1.83430455145493 | G165: 3.66860910290986 | H165: 2

Sheet Config_Python
A1: Copy-ready FORECASTING_CONFIG | B1: Copy-ready FORECASTING_CONFIG
A2: All entries call the same SARIMAX-backed forecast function; nonseasonal candidates use seasonal_order=(0, 0, 0, 0).
A4: line | B4: python_code
A5: 1 | B5: FORECASTING_CONFIG = {
A6: 2 | B6: 10: {
A7: 3 | B7: "1": {"model": "arima", "params": {"order": (1, 1, 2), "seasonal_order": (1, 0, 0, 5)}},
A8: 4 | B8: "2": {"model": "arima", "params": {"order": (1, 1, 1), "seasonal_order": (0, 0, 0, 0)}},
A9: 5 | B9: "3": {"model": "arima", "params": {"order": (1, 1, 1), "seasonal_order": (0, 0, 0, 0)}},
A10: 6 | B10: "4": {"model": "arima", "params": {"order": (0, 1, 1), "seasonal_order": (0, 0, 0, 0)}},
A11: 7 | B11: "5": {"model": "arima", "params": {"order": (1, 0, 2), "seasonal_order": (0, 0, 0, 0)}},
A12: 8 | B12: "6": {"model": "arima", "params": {"order": (0, 1, 1), "seasonal_order": (0, 0, 0, 0)}},
A13: 9 | B13: "7": {"model": "arima", "params": {"order": (0, 1, 1), "seasonal_order": (0, 0, 0, 0)}},
A14: 10 | B14: "8": {"model": "arima", "params": {"order": (0, 1, 1), "seasonal_order": (0, 0, 0, 0)}},
A15: 11 | B15: "9": {"model": "arima", "params": {"order": (2, 1, 1), "seasonal_order": (0, 0, 0, 0)}},
A16: 12 | B16: "10": {"model": "arima", "params": {"order": (0, 1, 2), "seasonal_order": (0, 0, 0, 0)}},
... A66: 62 | B66: }
